,PPV_R,PPV_lower_CI,TP_R,OR,OR_pvalue,n_w_mut,MIC_with,MIC_without,MIC_pval,Confusion_Matrix,Specificity_R,Specificity_S,Sensitivity_R,Sensitivity_S
rrl_A328G,0.0,0.0,0,0.0,1.0,1,0.25,0.4748305312710155,0.4318451385306583,"[[7307    1]
 [ 128    0]]",0.9998631636562672,0.0,0.0,0.9998631636562672
rrl_C3048-,0.0,0.0,0,0.0,1.0,3,0.27,0.4748829543925737,0.27306161505490856,"[[7305    3]
 [ 128    0]]",0.9995894909688013,0.0,0.0,0.9995894909688013
rrl_G1857T,0.0,0.0,0,0.0,1.0,1,0.12,0.474848016139879,0.11279240024383701,"[[7307    1]
 [ 128    0]]",0.9998631636562672,0.0,0.0,0.9998631636562672
rrl_T2344G,0.0,0.0,0,0.0,1.0,1,0.25,0.4748305312710155,0.4318451385306583,"[[7307    1]
 [ 128    0]]",0.9998631636562672,0.0,0.0,0.9998631636562672
rrl_C1975G,0.0,0.0,0,0.0,1.0,1,0.125,0.4748473436449227,0.1515198759506363,"[[7307    1]
 [ 128    0]]",0.9998631636562672,0.0,0.0,0.9998631636562672
rrl_C1785G,0.0,0.0,0,0.0,1.0,2,0.5,0.47479351627656713,0.3657129434609747,"[[7306    2]
 [ 128    0]]",0.9997263273125342,0.0,0.0,0.9997263273125342
rrl_A1697T,0.0,0.0,0,0.0,1.0,1,0.06,0.4748560860793544,0.07985363898820601,"[[7307    1]
 [ 128    0]]",0.9998631636562672,0.0,0.0,0.9998631636562672
rlmN_T92I,0.0,0.0,0,0.0,1.0,1,0.5,0.4747969065232011,0.522540753946819,"[[7307    1]
 [ 128    0]]",0.9998631636562672,0.0,0.0,0.9998631636562672
rrl_C2366G,0.0,0.0,0,0.0,1.0,1,1.0,0.4747296570275723,0.10361358248174642,"[[7307    1]
 [ 128    0]]",0.9998631636562672,0.0,0.0,0.9998631636562672
rrl_G2325T,0.0,0.0,0,0.0,1.0,2,0.375,0.47482714554748456,0.9175694243923439,"[[7306    2]
 [ 128    0]]",0.9997263273125342,0.0,0.0,0.9997263273125342
tsnR_R142L,0.0,0.0,0,0.0,1.0,2,0.375,0.47482714554748456,0.9175694243923439,"[[7306    2]
 [ 128    0]]",0.9997263273125342,0.0,0.0,0.9997263273125342
rrl_A1415T,0.0,0.0,0,0.0,1.0,1,0.5,0.4747969065232011,0.522540753946819,"[[7307    1]
 [ 128    0]]",0.9998631636562672,0.0,0.0,0.9998631636562672
rrl_C2377A,0.0,0.0,0,0.0,1.0,2,0.155,0.4748863330642992,0.07271226715117307,"[[7306    2]
 [ 128    0]]",0.9997263273125342,0.0,0.0,0.9997263273125342
rrl_T1270A,0.0,0.0,0,0.0,1.0,1,0.5,0.4747969065232011,0.522540753946819,"[[7307    1]
 [ 128    0]]",0.9998631636562672,0.0,0.0,0.9998631636562672
rrl_G650A,0.0,0.0,0,0.0,1.0,1,0.5,0.4747969065232011,0.522540753946819,"[[7307    1]
 [ 128    0]]",0.9998631636562672,0.0,0.0,0.9998631636562672
rrl_G1376C,0.0,0.0,0,0.0,1.0,1,0.06,0.4748560860793544,0.07985363898820601,"[[7307    1]
 [ 128    0]]",0.9998631636562672,0.0,0.0,0.9998631636562672
rrl_T1859C,0.0,0.0,0,0.0,1.0,1,0.5,0.4747969065232011,0.522540753946819,"[[7307    1]
 [ 128    0]]",0.9998631636562672,0.0,0.0,0.9998631636562672
rrl_C2336T,0.0,0.0,0,0.0,1.0,1,0.25,0.4748305312710155,0.4318451385306583,"[[7307    1]
 [ 128    0]]",0.9998631636562672,0.0,0.0,0.9998631636562672
rrl_T1894C,0.0,0.0,0,0.0,1.0,1,0.125,0.4748473436449227,0.1515198759506363,"[[7307    1]
 [ 128    0]]",0.9998631636562672,0.0,0.0,0.9998631636562672
rrl_G934A,0.0,0.0,0,0.0,1.0,1,0.5,0.4747969065232011,0.522540753946819,"[[7307    1]
 [ 128    0]]",0.9998631636562672,0.0,0.0,0.9998631636562672
rrl_G2307T,0.0,0.0,0,0.0,1.0,1,0.5,0.4747969065232011,0.522540753946819,"[[7307    1]
 [ 128    0]]",0.9998631636562672,0.0,0.0,0.9998631636562672
rrl_C691G,0.0,0.0,0,0.0,1.0,1,0.5,0.4747969065232011,0.522540753946819,"[[7307    1]
 [ 128    0]]",0.9998631636562672,0.0,0.0,0.9998631636562672
rrl_A590G,0.0,0.0,0,0.0,1.0,1,0.03,0.47486012104909214,0.06670237477053458,"[[7307    1]
 [ 128    0]]",0.9998631636562672,0.0,0.0,0.9998631636562672
rrl_T977A,0.0,0.0,0,0.0,1.0,1,0.06,0.4748560860793544,0.07985363898820601,"[[7307    1]
 [ 128    0]]",0.9998631636562672,0.0,0.0,0.9998631636562672
rrl_T2350G,0.0,0.0,0,0.0,1.0,2,1.0,0.47465899919289756,0.021330710049111756,"[[7306    2]
 [ 128    0]]",0.9997263273125342,0.0,0.0,0.9997263273125342
rrl_C533T,0.0,0.0,0,0.0,1.0,1,0.5,0.4747969065232011,0.522540753946819,"[[7307    1]
 [ 128    0]]",0.9998631636562672,0.0,0.0,0.9998631636562672
tsnR_A53T,0.0,0.0,0,0.0,1.0,2,0.375,0.47482714554748456,0.9175694243923439,"[[7306    2]
 [ 128    0]]",0.9997263273125342,0.0,0.0,0.9997263273125342
rrl_T2529C,0.0,0.0,0,0.0,1.0,1,0.25,0.4748305312710155,0.4318451385306583,"[[7307    1]
 [ 128    0]]",0.9998631636562672,0.0,0.0,0.9998631636562672
rlmN_R185K,0.0,0.0,0,0.0,1.0,1,0.5,0.4747969065232011,0.522540753946819,"[[7307    1]
 [ 128    0]]",0.9998631636562672,0.0,0.0,0.9998631636562672
rrl_G2886A,0.0,0.0,0,0.0,1.0,1,0.5,0.4747969065232011,0.522540753946819,"[[7307    1]
 [ 128    0]]",0.9998631636562672,0.0,0.0,0.9998631636562672
rrl_A835T,0.0,0.0,0,0.0,1.0,1,0.5,0.4747969065232011,0.522540753946819,"[[7307    1]
 [ 128    0]]",0.9998631636562672,0.0,0.0,0.9998631636562672
rplC_I105V,0.0,0.0,0,0.0,1.0,1,0.5,0.4747969065232011,0.522540753946819,"[[7307    1]
 [ 128    0]]",0.9998631636562672,0.0,0.0,0.9998631636562672
tsnR_V144I,0.0,0.0,0,0.0,1.0,1,1.0,0.4747296570275723,0.10361358248174642,"[[7307    1]
 [ 128    0]]",0.9998631636562672,0.0,0.0,0.9998631636562672
rrl_G984A,0.0,0.0,0,0.0,1.0,1,0.06,0.4748560860793544,0.07985363898820601,"[[7307    1]
 [ 128    0]]",0.9998631636562672,0.0,0.0,0.9998631636562672
rrl_A328T,0.0,0.0,0,0.0,1.0,1,0.12,0.4748480161398789,0.11279240024383701,"[[7307    1]
 [ 128    0]]",0.9998631636562672,0.0,0.0,0.9998631636562672
rrl_G2472A,0.0,0.0,0,0.0,1.0,1,0.5,0.4747969065232011,0.522540753946819,"[[7307    1]
 [ 128    0]]",0.9998631636562672,0.0,0.0,0.9998631636562672
rrl_G2399A,0.029411764705882353,0.00391855701290406,1,1.7358625626342161,0.4466043569317455,34,0.4979411764705882,0.47469400162118347,0.39087607950203584,"[[7275   33]
 [ 127    1]]",0.9954844006568144,0.0078125,0.0078125,0.9954844006568144
rrl_T2503G,0.0,0.0,0,0.0,1.0,1,0.5,0.4747969065232011,0.522540753946819,"[[7307    1]
 [ 128    0]]",0.9998631636562672,0.0,0.0,0.9998631636562672
rlmN_A134T,0.0,0.0,0,0.0,1.0,1,0.25,0.4748305312710155,0.4318451385306583,"[[7307    1]
 [ 128    0]]",0.9998631636562672,0.0,0.0,0.9998631636562672
rrl_T2367A,0.0,0.0,0,0.0,1.0,1,0.5,0.4747969065232011,0.522540753946819,"[[7307    1]
 [ 128    0]]",0.9998631636562672,0.0,0.0,0.9998631636562672
rrl_A1885G,0.0,0.0,0,0.0,1.0,1,0.5,0.4747969065232011,0.522540753946819,"[[7307    1]
 [ 128    0]]",0.9998631636562672,0.0,0.0,0.9998631636562672
rrl_A1648C,0.0,0.0,0,0.0,1.0,1,0.5,0.4747969065232011,0.522540753946819,"[[7307    1]
 [ 128    0]]",0.9998631636562672,0.0,0.0,0.9998631636562672
rrl_G914T,0.0,0.0,0,0.0,1.0,1,1.0,0.4747296570275723,0.10361358248174642,"[[7307    1]
 [ 128    0]]",0.9998631636562672,0.0,0.0,0.9998631636562672
rrl_T271C,0.0,0.0,0,0.0,1.0,2,0.75,0.4747262577347323,0.10886711864481945,"[[7306    2]
 [ 128    0]]",0.9997263273125342,0.0,0.0,0.9997263273125342
rplC_T93A,0.0,0.0,0,0.0,1.0,2,0.25,0.47486077481840194,0.26619121688525516,"[[7306    2]
 [ 128    0]]",0.9997263273125342,0.0,0.0,0.9997263273125342
tsnR_V137L,0.0,0.0,0,0.0,1.0,1,0.25,0.4748305312710155,0.4318451385306583,"[[7307    1]
 [ 128    0]]",0.9998631636562672,0.0,0.0,0.9998631636562672
rrl_C2464G,0.0,0.0,0,0.0,1.0,1,1.0,0.4747296570275723,0.10361358248174642,"[[7307    1]
 [ 128    0]]",0.9998631636562672,0.0,0.0,0.9998631636562672
rrl_T1592C,0.0,0.0,0,0.0,1.0,1,0.125,0.4748473436449227,0.1515198759506363,"[[7307    1]
 [ 128    0]]",0.9998631636562672,0.0,0.0,0.9998631636562672
rrl_C2022T,0.0,0.0,0,0.0,1.0,2,0.5,0.47479351627656713,0.3657129434609747,"[[7306    2]
 [ 128    0]]",0.9997263273125342,0.0,0.0,0.9997263273125342
rrl_C1507A,0.0,0.0,0,0.0,1.0,1,0.5,0.4747969065232011,0.522540753946819,"[[7307    1]
 [ 128    0]]",0.9998631636562672,0.0,0.0,0.9998631636562672
rrl_A1851G,0.0,0.0,0,0.0,1.0,1,0.5,0.4747969065232011,0.522540753946819,"[[7307    1]
 [ 128    0]]",0.9998631636562672,0.0,0.0,0.9998631636562672
rrl_A1480T,0.0,0.0,0,0.0,1.0,1,0.25,0.4748305312710155,0.4318451385306583,"[[7307    1]
 [ 128    0]]",0.9998631636562672,0.0,0.0,0.9998631636562672
rrl_A2916G,0.0,0.0,0,0.0,1.0,1,0.5,0.4747969065232011,0.522540753946819,"[[7307    1]
 [ 128    0]]",0.9998631636562672,0.0,0.0,0.9998631636562672
rrl_G353A,1.0,1.0682522304163616e-86,1,-1.0,0.017213555675094135,1,2.0,0.47459515803631475,0.0715745975784195,"[[7308    0]
 [ 127    1]]",1.0,0.0078125,0.0078125,1.0
rrl_T236C,0.0,0.0,0,0.0,1.0,3,0.4166666666666667,0.47482375891295575,0.7759709032531924,"[[7305    3]
 [ 128    0]]",0.9995894909688013,0.0,0.0,0.9995894909688013
rplC_G120S,0.0,0.0,0,0.0,1.0,3,0.5833333333333334,0.4747564913224809,0.39246380020623606,"[[7305    3]
 [ 128    0]]",0.9995894909688013,0.0,0.0,0.9995894909688013
rrl_T1475A,0.0,0.0,0,0.0,1.0,1,0.5,0.4747969065232011,0.522540753946819,"[[7307    1]
 [ 128    0]]",0.9998631636562672,0.0,0.0,0.9998631636562672
rrl_G3A,0.0,0.0,0,0.0,1.0,1,1.0,0.4747296570275723,0.10361358248174642,"[[7307    1]
 [ 128    0]]",0.9998631636562672,0.0,0.0,0.9998631636562672
rrl_C1589A,0.0,0.0,0,0.0,1.0,1,1.0,0.4747296570275723,0.10361358248174642,"[[7307    1]
 [ 128    0]]",0.9998631636562672,0.0,0.0,0.9998631636562672
rrl_A2537G,0.0,0.0,0,0.0,1.0,1,0.25,0.4748305312710155,0.4318451385306583,"[[7307    1]
 [ 128    0]]",0.9998631636562672,0.0,0.0,0.9998631636562672
rrl_G1938A,0.0,0.0,0,0.0,1.0,1,0.5,0.4747969065232011,0.522540753946819,"[[7307    1]
 [ 128    0]]",0.9998631636562672,0.0,0.0,0.9998631636562672
rlmN_A354Q,0.0,0.0,0,0.0,1.0,1,0.5,0.4747969065232011,0.522540753946819,"[[7307    1]
 [ 128    0]]",0.9998631636562672,0.0,0.0,0.9998631636562672
rrl_C1182T,0.0,0.0,0,0.0,1.0,1,0.5,0.4747969065232011,0.522540753946819,"[[7307    1]
 [ 128    0]]",0.9998631636562672,0.0,0.0,0.9998631636562672
rrl_A2023G,0.0,0.0,0,0.0,1.0,1,0.5,0.4747969065232011,0.522540753946819,"[[7307    1]
 [ 128    0]]",0.9998631636562672,0.0,0.0,0.9998631636562672
rrl_G2370A,0.0,0.0,0,0.0,1.0,1,0.5,0.4747969065232011,0.522540753946819,"[[7307    1]
 [ 128    0]]",0.9998631636562672,0.0,0.0,0.9998631636562672
rrl_C424G,0.0,0.0,0,0.0,1.0,1,0.25,0.4748305312710155,0.4318451385306583,"[[7307    1]
 [ 128    0]]",0.9998631636562672,0.0,0.0,0.9998631636562672
rrl_G1532T,0.0,0.0,0,0.0,1.0,1,0.5,0.4747969065232011,0.522540753946819,"[[7307    1]
 [ 128    0]]",0.9998631636562672,0.0,0.0,0.9998631636562672
rrl_G1052T,0.0,0.0,0,0.0,0.4080466353076122,88,0.4828409090909091,0.4747040010887316,0.12873581979289828,"[[7220   88]
 [ 128    0]]",0.9879584017515052,0.0,0.0,0.9879584017515052
rrl_C1289T,0.0,0.0,0,0.0,1.0,1,0.5,0.4747969065232011,0.522540753946819,"[[7307    1]
 [ 128    0]]",0.9998631636562672,0.0,0.0,0.9998631636562672
rrl_G2378A,0.0,0.0,0,0.0,1.0,2,0.265,0.47485673930589184,0.3984815443666687,"[[7306    2]
 [ 128    0]]",0.9997263273125342,0.0,0.0,0.9997263273125342
rrl_G19A,0.0,0.0,0,0.0,1.0,2,0.5,0.47479351627656713,0.3657129434609747,"[[7306    2]
 [ 128    0]]",0.9997263273125342,0.0,0.0,0.9997263273125342
rrl_G406C,0.0,0.0,0,0.0,1.0,1,0.25,0.4748305312710155,0.4318451385306583,"[[7307    1]
 [ 128    0]]",0.9998631636562672,0.0,0.0,0.9998631636562672
rrl_A1262T,0.0,0.0,0,0.0,1.0,1,0.125,0.4748473436449227,0.1515198759506363,"[[7307    1]
 [ 128    0]]",0.9998631636562672,0.0,0.0,0.9998631636562672
rrl_A596G,0.0,0.0,0,0.0,1.0,1,0.25,0.4748305312710155,0.4318451385306583,"[[7307    1]
 [ 128    0]]",0.9998631636562672,0.0,0.0,0.9998631636562672
rrl_C2040T,0.0,0.0,0,0.0,1.0,3,0.375,0.4748405758105745,0.928766942435735,"[[7305    3]
 [ 128    0]]",0.9995894909688013,0.0,0.0,0.9995894909688013
tsnR_L94M,0.0,0.0,0,0.0,1.0,1,0.25,0.4748305312710155,0.4318451385306583,"[[7307    1]
 [ 128    0]]",0.9998631636562672,0.0,0.0,0.9998631636562672
rrl_G1434C,0.0,0.0,0,0.0,1.0,1,1.0,0.4747296570275723,0.10361358248174642,"[[7307    1]
 [ 128    0]]",0.9998631636562672,0.0,0.0,0.9998631636562672
rrl_C503A,0.0,0.0,0,0.0,1.0,1,0.5,0.4747969065232011,0.522540753946819,"[[7307    1]
 [ 128    0]]",0.9998631636562672,0.0,0.0,0.9998631636562672
rrl_G2454A,0.0,0.0,0,0.0,1.0,1,0.06,0.4748560860793544,0.07985363898820601,"[[7307    1]
 [ 128    0]]",0.9998631636562672,0.0,0.0,0.9998631636562672
rplC_H183Y,0.0,0.0,0,0.0,1.0,2,1.0,0.47465899919289756,0.021330710049111756,"[[7306    2]
 [ 128    0]]",0.9997263273125342,0.0,0.0,0.9997263273125342
rrl_G385C,0.0,0.0,0,0.0,1.0,1,0.125,0.4748473436449227,0.1515198759506363,"[[7307    1]
 [ 128    0]]",0.9998631636562672,0.0,0.0,0.9998631636562672
tsnR_T11A,0.0,0.0,0,0.0,1.0,1,0.25,0.4748305312710155,0.4318451385306583,"[[7307    1]
 [ 128    0]]",0.9998631636562672,0.0,0.0,0.9998631636562672
rrl_A326G,0.0,0.0,0,0.0,1.0,2,0.375,0.47482714554748456,0.9175694243923439,"[[7306    2]
 [ 128    0]]",0.9997263273125342,0.0,0.0,0.9997263273125342
rrl_A2166C,0.0,0.0,0,0.0,1.0,1,1.0,0.4747296570275723,0.10361358248174642,"[[7307    1]
 [ 128    0]]",0.9998631636562672,0.0,0.0,0.9998631636562672
rrl_G2364C,0.0,0.0,0,0.0,1.0,1,0.5,0.4747969065232011,0.522540753946819,"[[7307    1]
 [ 128    0]]",0.9998631636562672,0.0,0.0,0.9998631636562672
tsnR_T82K,0.0,0.0,0,0.0,1.0,1,1.0,0.4747296570275723,0.10361358248174642,"[[7307    1]
 [ 128    0]]",0.9998631636562672,0.0,0.0,0.9998631636562672
rrl_G447A,0.0,0.0,0,0.0,1.0,2,0.1875,0.47487758945386066,0.11636499529161358,"[[7306    2]
 [ 128    0]]",0.9997263273125342,0.0,0.0,0.9997263273125342
rlmN_A24T,0.0,0.0,0,0.0,1.0,1,0.12,0.4748480161398789,0.11279240024383701,"[[7307    1]
 [ 128    0]]",0.9998631636562672,0.0,0.0,0.9998631636562672
rrl_A1591G,0.0,0.0,0,0.0,1.0,1,0.25,0.4748305312710155,0.4318451385306583,"[[7307    1]
 [ 128    0]]",0.9998631636562672,0.0,0.0,0.9998631636562672
rrl_G1628A,0.0,0.0,0,0.0,1.0,1,0.25,0.4748305312710155,0.4318451385306583,"[[7307    1]
 [ 128    0]]",0.9998631636562672,0.0,0.0,0.9998631636562672
rrl_A1719C,0.0,0.0,0,0.0,1.0,2,0.25,0.47486077481840194,0.26619121688525516,"[[7306    2]
 [ 128    0]]",0.9997263273125342,0.0,0.0,0.9997263273125342
rrl_C2414G,0.0,0.0,0,0.0,1.0,1,0.5,0.4747969065232011,0.522540753946819,"[[7307    1]
 [ 128    0]]",0.9998631636562672,0.0,0.0,0.9998631636562672
rrl_C2593T,0.0,0.0,0,0.0,1.0,1,0.25,0.4748305312710155,0.4318451385306583,"[[7307    1]
 [ 128    0]]",0.9998631636562672,0.0,0.0,0.9998631636562672
rrl_A1579G,0.0,0.0,0,0.0,1.0,1,0.125,0.4748473436449227,0.1515198759506363,"[[7307    1]
 [ 128    0]]",0.9998631636562672,0.0,0.0,0.9998631636562672
rlmN_fs_T55I,0.0,0.0,0,0.0,1.0,2,0.75,0.4747262577347323,0.10886711864481945,"[[7306    2]
 [ 128    0]]",0.9997263273125342,0.0,0.0,0.9997263273125342
rrl_G499A,0.0,0.0,0,0.0,1.0,1,0.25,0.4748305312710155,0.4318451385306583,"[[7307    1]
 [ 128    0]]",0.9998631636562672,0.0,0.0,0.9998631636562672
rrl_A1069G,0.0,0.0,0,0.0,1.0,1,0.03,0.47486012104909214,0.06670237477053458,"[[7307    1]
 [ 128    0]]",0.9998631636562672,0.0,0.0,0.9998631636562672
rrl_G1028T,0.0,0.0,0,0.0,1.0,1,0.5,0.4747969065232011,0.522540753946819,"[[7307    1]
 [ 128    0]]",0.9998631636562672,0.0,0.0,0.9998631636562672
rrl_C1501G,0.0,0.0,0,0.0,1.0,1,0.5,0.4747969065232011,0.522540753946819,"[[7307    1]
 [ 128    0]]",0.9998631636562672,0.0,0.0,0.9998631636562672
rrl_T1738A,0.0,0.0,0,0.0,1.0,1,1.0,0.4747296570275723,0.10361358248174642,"[[7307    1]
 [ 128    0]]",0.9998631636562672,0.0,0.0,0.9998631636562672
rrl_A1389T,0.0,0.0,0,0.0,1.0,1,0.5,0.4747969065232011,0.522540753946819,"[[7307    1]
 [ 128    0]]",0.9998631636562672,0.0,0.0,0.9998631636562672
rrl_A868G,0.0,0.0,0,0.0,1.0,1,0.5,0.4747969065232011,0.522540753946819,"[[7307    1]
 [ 128    0]]",0.9998631636562672,0.0,0.0,0.9998631636562672
rrl_G723A,0.3333333333333333,0.017773781548885315,1,28.763779527559056,0.050763557165937126,3,0.8333333333333334,0.4746555899367685,0.8946917985993852,"[[7306    2]
 [ 127    1]]",0.9997263273125342,0.0078125,0.0078125,0.9997263273125342
rrl_C2382A,0.0,0.0,0,0.0,1.0,1,0.06,0.4748560860793544,0.07985363898820601,"[[7307    1]
 [ 128    0]]",0.9998631636562672,0.0,0.0,0.9998631636562672
rrl_C2375A,0.0,0.0,0,0.0,1.0,4,0.2575,0.47491724973089344,0.1664926303682841,"[[7304    4]
 [ 128    0]]",0.9994526546250684,0.0,0.0,0.9994526546250684
rrl_C2172A,0.0,0.0,0,0.0,1.0,1,1.0,0.4747296570275723,0.10361358248174642,"[[7307    1]
 [ 128    0]]",0.9998631636562672,0.0,0.0,0.9998631636562672
rrl_G1940A,0.0,0.0,0,0.0,1.0,1,0.12,0.4748480161398789,0.11279240024383701,"[[7307    1]
 [ 128    0]]",0.9998631636562672,0.0,0.0,0.9998631636562672
tsnR_A54V,0.0,0.0,0,0.0,1.0,1,0.25,0.4748305312710155,0.4318451385306583,"[[7307    1]
 [ 128    0]]",0.9998631636562672,0.0,0.0,0.9998631636562672
tsnR_A188T,0.0,0.0,0,0.0,1.0,1,0.5,0.4747969065232011,0.522540753946819,"[[7307    1]
 [ 128    0]]",0.9998631636562672,0.0,0.0,0.9998631636562672
rrl_C2132G,0.0,0.0,0,0.0,1.0,1,0.5,0.4747969065232011,0.522540753946819,"[[7307    1]
 [ 128    0]]",0.9998631636562672,0.0,0.0,0.9998631636562672
rrl_G1031A,0.0,0.0,0,0.0,1.0,1,0.25,0.4748305312710155,0.4318451385306583,"[[7307    1]
 [ 128    0]]",0.9998631636562672,0.0,0.0,0.9998631636562672
rrl_G960A,0.0,0.0,0,0.0,1.0,1,0.5,0.4747969065232011,0.522540753946819,"[[7307    1]
 [ 128    0]]",0.9998631636562672,0.0,0.0,0.9998631636562672
rrl_T2177A,0.0,0.0,0,0.0,1.0,1,0.5,0.4747969065232011,0.522540753946819,"[[7307    1]
 [ 128    0]]",0.9998631636562672,0.0,0.0,0.9998631636562672
rrl_G1054T,0.0,0.0,0,0.0,1.0,1,0.125,0.4748473436449227,0.1515198759506363,"[[7307    1]
 [ 128    0]]",0.9998631636562672,0.0,0.0,0.9998631636562672
rlmN_A207V,0.0,0.0,0,0.0,1.0,1,0.5,0.4747969065232011,0.522540753946819,"[[7307    1]
 [ 128    0]]",0.9998631636562672,0.0,0.0,0.9998631636562672
rrl_C46G,0.0,0.0,0,0.0,1.0,1,0.5,0.4747969065232011,0.522540753946819,"[[7307    1]
 [ 128    0]]",0.9998631636562672,0.0,0.0,0.9998631636562672
rrl_A2949C,0.0,0.0,0,0.0,1.0,1,0.5,0.4747969065232011,0.522540753946819,"[[7307    1]
 [ 128    0]]",0.9998631636562672,0.0,0.0,0.9998631636562672
rrl_T1019G,0.0,0.0,0,0.0,1.0,1,0.5,0.4747969065232011,0.522540753946819,"[[7307    1]
 [ 128    0]]",0.9998631636562672,0.0,0.0,0.9998631636562672
rrl_G809A,0.0,0.0,0,0.0,1.0,1,0.5,0.4747969065232011,0.522540753946819,"[[7307    1]
 [ 128    0]]",0.9998631636562672,0.0,0.0,0.9998631636562672
rrl_G2121T,0.0,0.0,0,0.0,1.0,1,0.125,0.4748473436449227,0.1515198759506363,"[[7307    1]
 [ 128    0]]",0.9998631636562672,0.0,0.0,0.9998631636562672
rrl_C2310A,0.0,0.0,0,0.0,1.0,1,0.5,0.4747969065232011,0.522540753946819,"[[7307    1]
 [ 128    0]]",0.9998631636562672,0.0,0.0,0.9998631636562672
rrl_A2465T,0.0,0.0,0,0.0,1.0,1,0.25,0.4748305312710155,0.4318451385306583,"[[7307    1]
 [ 128    0]]",0.9998631636562672,0.0,0.0,0.9998631636562672
rrl_T2417G,0.0,0.0,0,0.0,1.0,1,0.25,0.4748305312710155,0.4318451385306583,"[[7307    1]
 [ 128    0]]",0.9998631636562672,0.0,0.0,0.9998631636562672
rrl_A2123G,0.0,0.0,0,0.0,1.0,3,0.4166666666666667,0.47482375891295575,0.7759709032531924,"[[7305    3]
 [ 128    0]]",0.9995894909688013,0.0,0.0,0.9995894909688013
rrl_A1232T,0.0,0.0,0,0.0,1.0,1,0.25,0.4748305312710155,0.4318451385306583,"[[7307    1]
 [ 128    0]]",0.9998631636562672,0.0,0.0,0.9998631636562672
rrl_G1089C,0.0,0.0,0,0.0,1.0,1,0.06,0.4748560860793544,0.07985363898820601,"[[7307    1]
 [ 128    0]]",0.9998631636562672,0.0,0.0,0.9998631636562672
rrl_C1919A,0.0,0.0,0,0.0,1.0,1,0.12,0.474848016139879,0.11279240024383701,"[[7307    1]
 [ 128    0]]",0.9998631636562672,0.0,0.0,0.9998631636562672
rrl_A903G,0.0,0.0,0,0.0,1.0,1,0.5,0.4747969065232011,0.522540753946819,"[[7307    1]
 [ 128    0]]",0.9998631636562672,0.0,0.0,0.9998631636562672
rrl_T1738C,0.0,0.0,0,0.0,1.0,2,0.5,0.47479351627656713,0.3657129434609747,"[[7306    2]
 [ 128    0]]",0.9997263273125342,0.0,0.0,0.9997263273125342
rrl_C417A,0.0,0.0,0,0.0,1.0,1,0.5,0.4747969065232011,0.522540753946819,"[[7307    1]
 [ 128    0]]",0.9998631636562672,0.0,0.0,0.9998631636562672
rrl_T448A,0.0,0.0,0,0.0,1.0,1,0.125,0.4748473436449227,0.1515198759506363,"[[7307    1]
 [ 128    0]]",0.9998631636562672,0.0,0.0,0.9998631636562672
rrl_C638A,0.0,0.0,0,0.0,1.0,1,0.5,0.4747969065232011,0.522540753946819,"[[7307    1]
 [ 128    0]]",0.9998631636562672,0.0,0.0,0.9998631636562672
rrl_G535T,0.0,0.0,0,0.0,1.0,1,1.0,0.4747296570275723,0.10361358248174642,"[[7307    1]
 [ 128    0]]",0.9998631636562672,0.0,0.0,0.9998631636562672
rrl_C1530G,0.0,0.0,0,0.0,1.0,1,0.5,0.4747969065232011,0.522540753946819,"[[7307    1]
 [ 128    0]]",0.9998631636562672,0.0,0.0,0.9998631636562672
rrl_A2479G,0.0,0.0,0,0.0,1.0,1,0.5,0.4747969065232011,0.522540753946819,"[[7307    1]
 [ 128    0]]",0.9998631636562672,0.0,0.0,0.9998631636562672
rrl_C1147G,0.0,0.0,0,0.0,1.0,1,1.0,0.4747296570275723,0.10361358248174642,"[[7307    1]
 [ 128    0]]",0.9998631636562672,0.0,0.0,0.9998631636562672
rrl_C574G,0.0,0.0,0,0.0,1.0,1,0.5,0.4747969065232011,0.522540753946819,"[[7307    1]
 [ 128    0]]",0.9998631636562672,0.0,0.0,0.9998631636562672
rrl_G1760A,0.0,0.0,0,0.0,1.0,1,0.5,0.4747969065232011,0.522540753946819,"[[7307    1]
 [ 128    0]]",0.9998631636562672,0.0,0.0,0.9998631636562672
rrl_T371A,0.0,0.0,0,0.0,1.0,1,0.5,0.4747969065232011,0.522540753946819,"[[7307    1]
 [ 128    0]]",0.9998631636562672,0.0,0.0,0.9998631636562672
rplC_R44L,0.0,0.0,0,0.0,1.0,1,0.5,0.4747969065232011,0.522540753946819,"[[7307    1]
 [ 128    0]]",0.9998631636562672,0.0,0.0,0.9998631636562672
rrl_A1473C,0.0,0.0,0,0.0,1.0,1,0.25,0.4748305312710155,0.4318451385306583,"[[7307    1]
 [ 128    0]]",0.9998631636562672,0.0,0.0,0.9998631636562672
rplC_A72T,0.0,0.0,0,0.0,1.0,1,0.5,0.4747969065232011,0.522540753946819,"[[7307    1]
 [ 128    0]]",0.9998631636562672,0.0,0.0,0.9998631636562672
rrl_G312C,0.0,0.0,0,0.0,1.0,1,0.25,0.4748305312710155,0.4318451385306583,"[[7307    1]
 [ 128    0]]",0.9998631636562672,0.0,0.0,0.9998631636562672
rrl_G914A,0.0,0.0,0,0.0,1.0,1,0.25,0.4748305312710155,0.4318451385306583,"[[7307    1]
 [ 128    0]]",0.9998631636562672,0.0,0.0,0.9998631636562672
rrl_G354T,0.0,0.0,0,0.0,1.0,1,0.5,0.4747969065232011,0.522540753946819,"[[7307    1]
 [ 128    0]]",0.9998631636562672,0.0,0.0,0.9998631636562672
rrl_G81T,0.0,0.0,0,0.0,1.0,1,0.5,0.4747969065232011,0.522540753946819,"[[7307    1]
 [ 128    0]]",0.9998631636562672,0.0,0.0,0.9998631636562672
rrl_C2293G,0.0,0.0,0,0.0,1.0,1,0.5,0.4747969065232011,0.522540753946819,"[[7307    1]
 [ 128    0]]",0.9998631636562672,0.0,0.0,0.9998631636562672
rrl_T2169G,0.0,0.0,0,0.0,1.0,1,0.5,0.4747969065232011,0.522540753946819,"[[7307    1]
 [ 128    0]]",0.9998631636562672,0.0,0.0,0.9998631636562672
rrl_A1017T,0.0,0.0,0,0.0,1.0,1,0.5,0.4747969065232011,0.522540753946819,"[[7307    1]
 [ 128    0]]",0.9998631636562672,0.0,0.0,0.9998631636562672
rrl_A479G,0.0,0.0,0,0.0,1.0,1,0.5,0.4747969065232011,0.522540753946819,"[[7307    1]
 [ 128    0]]",0.9998631636562672,0.0,0.0,0.9998631636562672
rrl_G1615T,0.0,0.0,0,0.0,1.0,1,0.5,0.4747969065232011,0.522540753946819,"[[7307    1]
 [ 128    0]]",0.9998631636562672,0.0,0.0,0.9998631636562672
rplC_R159W,0.0,0.0,0,0.0,1.0,1,0.5,0.4747969065232011,0.522540753946819,"[[7307    1]
 [ 128    0]]",0.9998631636562672,0.0,0.0,0.9998631636562672
rrl_G1153A,0.0,0.0,0,0.0,1.0,1,0.06,0.4748560860793544,0.07985363898820601,"[[7307    1]
 [ 128    0]]",0.9998631636562672,0.0,0.0,0.9998631636562672
rrl_T2061C,0.0,0.0,0,0.0,1.0,1,0.25,0.4748305312710155,0.4318451385306583,"[[7307    1]
 [ 128    0]]",0.9998631636562672,0.0,0.0,0.9998631636562672
rrl_A2779G,0.3333333333333333,0.017773781548885315,1,28.763779527559056,0.050763557165937126,3,1.1666666666666667,0.4745210547558187,0.018786344394823035,"[[7306    2]
 [ 127    1]]",0.9997263273125342,0.0078125,0.0078125,0.9997263273125342
rrl_G644T,0.0,0.0,0,0.0,1.0,1,0.25,0.4748305312710155,0.4318451385306583,"[[7307    1]
 [ 128    0]]",0.9998631636562672,0.0,0.0,0.9998631636562672
rrl_G987T,0.0,0.0,0,0.0,1.0,1,0.25,0.4748305312710155,0.4318451385306583,"[[7307    1]
 [ 128    0]]",0.9998631636562672,0.0,0.0,0.9998631636562672
rrl_G285C,0.0,0.0,0,0.0,1.0,1,0.5,0.4747969065232011,0.522540753946819,"[[7307    1]
 [ 128    0]]",0.9998631636562672,0.0,0.0,0.9998631636562672
rrl_C763T,0.0,0.0,0,0.0,1.0,1,1.0,0.4747296570275723,0.10361358248174642,"[[7307    1]
 [ 128    0]]",0.9998631636562672,0.0,0.0,0.9998631636562672
rrl_G1427C,0.0,0.0,0,0.0,1.0,1,0.06,0.4748560860793544,0.07985363898820601,"[[7307    1]
 [ 128    0]]",0.9998631636562672,0.0,0.0,0.9998631636562672
rrl_T2386G,0.0,0.0,0,0.0,1.0,1,0.12,0.4748480161398789,0.11279240024383701,"[[7307    1]
 [ 128    0]]",0.9998631636562672,0.0,0.0,0.9998631636562672
rrl_C211T,0.0,0.0,0,0.0,1.0,13,0.4423076923076923,0.47485720059275227,0.2623874499863753,"[[7295   13]
 [ 128    0]]",0.9982211275314724,0.0,0.0,0.9982211275314724
rrl_G2360T,0.0,0.0,0,0.0,1.0,5,0.306,0.4749138743103216,0.34138771875336194,"[[7303    5]
 [ 128    0]]",0.9993158182813355,0.0,0.0,0.9993158182813355
rlmN_R252Q,0.0,0.0,0,0.0,1.0,1,0.25,0.4748305312710155,0.4318451385306583,"[[7307    1]
 [ 128    0]]",0.9998631636562672,0.0,0.0,0.9998631636562672
tsnR_S239T,0.0,0.0,0,0.0,1.0,3,0.16666666666666666,0.4749246602986681,0.03482019946871417,"[[7305    3]
 [ 128    0]]",0.9995894909688013,0.0,0.0,0.9995894909688013
rrl_C1736A,0.0,0.0,0,0.0,1.0,1,0.5,0.4747969065232011,0.522540753946819,"[[7307    1]
 [ 128    0]]",0.9998631636562672,0.0,0.0,0.9998631636562672
rrl_T1609A,0.0,0.0,0,0.0,1.0,1,0.5,0.4747969065232011,0.522540753946819,"[[7307    1]
 [ 128    0]]",0.9998631636562672,0.0,0.0,0.9998631636562672
rrl_T1219A,0.0,0.0,0,0.0,1.0,1,0.06,0.4748560860793544,0.07985363898820601,"[[7307    1]
 [ 128    0]]",0.9998631636562672,0.0,0.0,0.9998631636562672
rrl_C1457T,0.0,0.0,0,0.0,1.0,1,0.06,0.4748560860793544,0.07985363898820601,"[[7307    1]
 [ 128    0]]",0.9998631636562672,0.0,0.0,0.9998631636562672
tsnR_L139F,0.0,0.0,0,0.0,1.0,1,0.5,0.4747969065232011,0.522540753946819,"[[7307    1]
 [ 128    0]]",0.9998631636562672,0.0,0.0,0.9998631636562672
rrl_G1613C,0.0,0.0,0,0.0,1.0,1,0.5,0.4747969065232011,0.522540753946819,"[[7307    1]
 [ 128    0]]",0.9998631636562672,0.0,0.0,0.9998631636562672
rrl_G1606T,0.0,0.0,0,0.0,1.0,1,1.0,0.4747296570275723,0.10361358248174642,"[[7307    1]
 [ 128    0]]",0.9998631636562672,0.0,0.0,0.9998631636562672
rrl_A1213T,0.0,0.0,0,0.0,1.0,1,0.06,0.4748560860793544,0.07985363898820601,"[[7307    1]
 [ 128    0]]",0.9998631636562672,0.0,0.0,0.9998631636562672
rrl_G1608C,0.0,0.0,0,0.0,1.0,1,0.5,0.4747969065232011,0.522540753946819,"[[7307    1]
 [ 128    0]]",0.9998631636562672,0.0,0.0,0.9998631636562672
rlmN_A337V,0.0,0.0,0,0.0,1.0,2,0.25,0.47486077481840194,0.26619121688525516,"[[7306    2]
 [ 128    0]]",0.9997263273125342,0.0,0.0,0.9997263273125342
rrl_G2475C,0.0,0.0,0,0.0,1.0,1,0.25,0.4748305312710155,0.4318451385306583,"[[7307    1]
 [ 128    0]]",0.9998631636562672,0.0,0.0,0.9998631636562672
rrl_C1556T,0.0,0.0,0,0.0,1.0,1,0.25,0.4748305312710155,0.4318451385306583,"[[7307    1]
 [ 128    0]]",0.9998631636562672,0.0,0.0,0.9998631636562672
rrl_A2802G,0.0,0.0,0,0.0,1.0,1,0.5,0.4747969065232011,0.522540753946819,"[[7307    1]
 [ 128    0]]",0.9998631636562672,0.0,0.0,0.9998631636562672
rrl_C807T,0.0,0.0,0,0.0,1.0,13,0.5769230769230769,0.4746214468543716,0.004279730652817751,"[[7295   13]
 [ 128    0]]",0.9982211275314724,0.0,0.0,0.9982211275314724
rrl_C994T,0.0,0.0,0,0.0,1.0,1,1.0,0.4747296570275723,0.10361358248174642,"[[7307    1]
 [ 128    0]]",0.9998631636562672,0.0,0.0,0.9998631636562672
rrl_T1570A,0.0,0.0,0,0.0,1.0,1,0.5,0.4747969065232011,0.522540753946819,"[[7307    1]
 [ 128    0]]",0.9998631636562672,0.0,0.0,0.9998631636562672
rrl_G2270T,0.75,0.2008369070518789,6,179.65573770491804,6.299537051569569e-10,8,2.6875,0.47241720516962843,3.3371970041515733e-06,"[[7306    2]
 [ 122    6]]",0.9997263273125342,0.046875,0.046875,0.9997263273125342
rrl_G581C,0.0,0.0,0,0.0,1.0,1,0.25,0.4748305312710155,0.4318451385306583,"[[7307    1]
 [ 128    0]]",0.9998631636562672,0.0,0.0,0.9998631636562672
rrl_G2218A,0.0,0.0,0,0.0,1.0,1,0.25,0.4748305312710155,0.4318451385306583,"[[7307    1]
 [ 128    0]]",0.9998631636562672,0.0,0.0,0.9998631636562672
rrl_T2344A,0.0,0.0,0,0.0,1.0,1,0.5,0.4747969065232011,0.522540753946819,"[[7307    1]
 [ 128    0]]",0.9998631636562672,0.0,0.0,0.9998631636562672
rrl_G1003T,0.0,0.0,0,0.0,1.0,1,0.5,0.4747969065232011,0.522540753946819,"[[7307    1]
 [ 128    0]]",0.9998631636562672,0.0,0.0,0.9998631636562672
rplC_T115A,0.0,0.0,0,0.0,1.0,16,0.460625,0.4748308625336928,0.23760436986934375,"[[7292   16]
 [ 128    0]]",0.9978106185002736,0.0,0.0,0.9978106185002736
rrl_C915G,0.0,0.0,0,0.0,1.0,1,0.5,0.4747969065232011,0.522540753946819,"[[7307    1]
 [ 128    0]]",0.9998631636562672,0.0,0.0,0.9998631636562672
rrl_G2388T,0.0,0.0,0,0.0,1.0,1,0.5,0.4747969065232011,0.522540753946819,"[[7307    1]
 [ 128    0]]",0.9998631636562672,0.0,0.0,0.9998631636562672
rrl_G2357T,0.0,0.0,0,0.0,1.0,1,0.12,0.474848016139879,0.11279240024383701,"[[7307    1]
 [ 128    0]]",0.9998631636562672,0.0,0.0,0.9998631636562672
rrl_A1816T,0.0,0.0,0,0.0,1.0,1,0.5,0.4747969065232011,0.522540753946819,"[[7307    1]
 [ 128    0]]",0.9998631636562672,0.0,0.0,0.9998631636562672
rrl_A2107G,0.0,0.0,0,0.0,1.0,1,0.5,0.4747969065232011,0.522540753946819,"[[7307    1]
 [ 128    0]]",0.9998631636562672,0.0,0.0,0.9998631636562672
rrl_C643G,0.0,0.0,0,0.0,1.0,1,0.25,0.4748305312710155,0.4318451385306583,"[[7307    1]
 [ 128    0]]",0.9998631636562672,0.0,0.0,0.9998631636562672
rrl_A2331G,0.0,0.0,0,0.0,1.0,1,0.5,0.4747969065232011,0.522540753946819,"[[7307    1]
 [ 128    0]]",0.9998631636562672,0.0,0.0,0.9998631636562672
rlmN_D282Y,0.0,0.0,0,0.0,1.0,1,0.25,0.4748305312710155,0.4318451385306583,"[[7307    1]
 [ 128    0]]",0.9998631636562672,0.0,0.0,0.9998631636562672
rrl_A1867T,0.0,0.0,0,0.0,1.0,1,0.25,0.4748305312710155,0.4318451385306583,"[[7307    1]
 [ 128    0]]",0.9998631636562672,0.0,0.0,0.9998631636562672
rrl_C1331T,0.0,0.0,0,0.0,1.0,1,1.0,0.4747296570275723,0.10361358248174642,"[[7307    1]
 [ 128    0]]",0.9998631636562672,0.0,0.0,0.9998631636562672
rrl_G2352T,0.0,0.0,0,0.0,1.0,3,0.39333333333333337,0.4748331763756222,0.3235249258679399,"[[7305    3]
 [ 128    0]]",0.9995894909688013,0.0,0.0,0.9995894909688013
rrl_T1521A,0.0,0.0,0,0.0,1.0,1,0.06,0.4748560860793544,0.07985363898820601,"[[7307    1]
 [ 128    0]]",0.9998631636562672,0.0,0.0,0.9998631636562672
rrl_A1411G,0.0,0.0,0,0.0,1.0,1,0.5,0.4747969065232011,0.522540753946819,"[[7307    1]
 [ 128    0]]",0.9998631636562672,0.0,0.0,0.9998631636562672
rrl_G1155C,0.0,0.0,0,0.0,1.0,1,0.125,0.4748473436449227,0.1515198759506363,"[[7307    1]
 [ 128    0]]",0.9998631636562672,0.0,0.0,0.9998631636562672
rrl_G1408A,0.0,0.0,0,0.0,1.0,1,0.5,0.4747969065232011,0.522540753946819,"[[7307    1]
 [ 128    0]]",0.9998631636562672,0.0,0.0,0.9998631636562672
rrl_C344T,0.030612244897959183,0.024052496106482094,9,1.863688633348076,0.1012231572086521,294,0.6398469387755102,0.4680061607392887,1.0362411350751647e-21,"[[7023  285]
 [ 119    9]]",0.9610016420361248,0.0703125,0.0703125,0.9610016420361248
rrl_G498C,0.0,0.0,0,0.0,1.0,1,0.5,0.4747969065232011,0.522540753946819,"[[7307    1]
 [ 128    0]]",0.9998631636562672,0.0,0.0,0.9998631636562672
rrl_C1850A,0.0,0.0,0,0.0,1.0,1,0.25,0.4748305312710155,0.4318451385306583,"[[7307    1]
 [ 128    0]]",0.9998631636562672,0.0,0.0,0.9998631636562672
rrl_G1375A,0.0,0.0,0,0.0,1.0,1,0.12,0.474848016139879,0.11279240024383701,"[[7307    1]
 [ 128    0]]",0.9998631636562672,0.0,0.0,0.9998631636562672
rrl_A2331T,0.0,0.0,0,0.0,1.0,1,0.25,0.4748305312710155,0.4318451385306583,"[[7307    1]
 [ 128    0]]",0.9998631636562672,0.0,0.0,0.9998631636562672
rrl_G1630A,0.0,0.0,0,0.0,1.0,1,0.25,0.4748305312710155,0.4318451385306583,"[[7307    1]
 [ 128    0]]",0.9998631636562672,0.0,0.0,0.9998631636562672
rrl_G880A,0.0,0.0,0,0.0,1.0,1,1.0,0.4747296570275723,0.10361358248174642,"[[7307    1]
 [ 128    0]]",0.9998631636562672,0.0,0.0,0.9998631636562672
rrl_T1784C,0.0,0.0,0,0.0,1.0,1,0.5,0.4747969065232011,0.522540753946819,"[[7307    1]
 [ 128    0]]",0.9998631636562672,0.0,0.0,0.9998631636562672
rrl_C1879A,0.0,0.0,0,0.0,1.0,1,0.5,0.4747969065232011,0.522540753946819,"[[7307    1]
 [ 128    0]]",0.9998631636562672,0.0,0.0,0.9998631636562672
rrl_G2080T,0.0,0.0,0,0.0,1.0,1,0.25,0.4748305312710155,0.4318451385306583,"[[7307    1]
 [ 128    0]]",0.9998631636562672,0.0,0.0,0.9998631636562672
rrl_C1238T,0.0,0.0,0,0.0,1.0,1,0.5,0.4747969065232011,0.522540753946819,"[[7307    1]
 [ 128    0]]",0.9998631636562672,0.0,0.0,0.9998631636562672
rrl_C1124T,1.0,1.0682522304163616e-86,1,-1.0,0.017213555675094135,1,2.0,0.47459515803631475,0.0715745975784195,"[[7308    0]
 [ 127    1]]",1.0,0.0078125,0.0078125,1.0
rrl_T450C,0.0,0.0,0,0.0,1.0,2,0.5,0.47479351627656713,0.3657129434609747,"[[7306    2]
 [ 128    0]]",0.9997263273125342,0.0,0.0,0.9997263273125342
tsnR_A24V,0.0,0.0,0,0.0,1.0,23,0.5217391304347826,0.47465466073114804,0.03476843042432335,"[[7285   23]
 [ 128    0]]",0.9968527640941434,0.0,0.0,0.9968527640941434
rrl_C2921A,0.0,0.0,0,0.0,1.0,2,0.5,0.47479351627656713,0.3657129434609747,"[[7306    2]
 [ 128    0]]",0.9997263273125342,0.0,0.0,0.9997263273125342
rlmN_V283I,0.0,0.0,0,0.0,1.0,1,0.5,0.4747969065232011,0.522540753946819,"[[7307    1]
 [ 128    0]]",0.9998631636562672,0.0,0.0,0.9998631636562672
rrl_C1282G,0.0,0.0,0,0.0,1.0,1,1.0,0.4747296570275723,0.10361358248174642,"[[7307    1]
 [ 128    0]]",0.9998631636562672,0.0,0.0,0.9998631636562672
rrl_T2359C,0.0,0.0,0,0.0,1.0,1,0.25,0.4748305312710155,0.4318451385306583,"[[7307    1]
 [ 128    0]]",0.9998631636562672,0.0,0.0,0.9998631636562672
rlmN_M176T,0.0,0.0,0,0.0,1.0,1,0.125,0.4748473436449227,0.1515198759506363,"[[7307    1]
 [ 128    0]]",0.9998631636562672,0.0,0.0,0.9998631636562672
rrl_A2295C,0.5,0.07000290553510084,2,57.98412698412698,0.0017245696712135643,4,2.765,0.4735676803013994,0.07847446815991377,"[[7306    2]
 [ 126    2]]",0.9997263273125342,0.015625,0.015625,0.9997263273125342
rlmN_A147T,0.0,0.0,0,0.0,1.0,1,0.25,0.4748305312710155,0.4318451385306583,"[[7307    1]
 [ 128    0]]",0.9998631636562672,0.0,0.0,0.9998631636562672
rlmN_W253S,0.0,0.0,0,0.0,1.0,1,0.5,0.4747969065232011,0.522540753946819,"[[7307    1]
 [ 128    0]]",0.9998631636562672,0.0,0.0,0.9998631636562672
rrl_G244A,0.0,0.0,0,0.0,1.0,1,0.25,0.4748305312710155,0.4318451385306583,"[[7307    1]
 [ 128    0]]",0.9998631636562672,0.0,0.0,0.9998631636562672
rrl_G2627C,0.0,0.0,0,0.0,1.0,1,0.06,0.4748560860793544,0.07985363898820601,"[[7307    1]
 [ 128    0]]",0.9998631636562672,0.0,0.0,0.9998631636562672
rrl_C1288T,0.0,0.0,0,0.0,1.0,1,0.5,0.4747969065232011,0.522540753946819,"[[7307    1]
 [ 128    0]]",0.9998631636562672,0.0,0.0,0.9998631636562672
rrl_G1317A,0.0,0.0,0,0.0,1.0,1,0.5,0.4747969065232011,0.522540753946819,"[[7307    1]
 [ 128    0]]",0.9998631636562672,0.0,0.0,0.9998631636562672
rrl_C1689T,0.0,0.0,0,0.0,1.0,1,0.5,0.4747969065232011,0.522540753946819,"[[7307    1]
 [ 128    0]]",0.9998631636562672,0.0,0.0,0.9998631636562672
rrl_C424T,0.0,0.0,0,0.0,1.0,1,0.06,0.4748560860793544,0.07985363898820601,"[[7307    1]
 [ 128    0]]",0.9998631636562672,0.0,0.0,0.9998631636562672
tsnR_A247T,0.0,0.0,0,0.0,1.0,1,0.12,0.4748480161398789,0.11279240024383701,"[[7307    1]
 [ 128    0]]",0.9998631636562672,0.0,0.0,0.9998631636562672
rrl_G2364T,0.0,0.0,0,0.0,1.0,1,0.12,0.4748480161398789,0.11279240024383701,"[[7307    1]
 [ 128    0]]",0.9998631636562672,0.0,0.0,0.9998631636562672
rrl_C2597T,0.0,0.0,0,0.0,1.0,2,0.75,0.4747262577347323,0.10886711864481945,"[[7306    2]
 [ 128    0]]",0.9997263273125342,0.0,0.0,0.9997263273125342
rrl_G2381A,0.0,0.0,0,0.0,1.0,1,0.125,0.4748473436449227,0.1515198759506363,"[[7307    1]
 [ 128    0]]",0.9998631636562672,0.0,0.0,0.9998631636562672
rrl_T2345G,0.0,0.0,0,0.0,1.0,1,0.5,0.4747969065232011,0.522540753946819,"[[7307    1]
 [ 128    0]]",0.9998631636562672,0.0,0.0,0.9998631636562672
rrl_C775A,0.0,0.0,0,0.0,1.0,1,0.25,0.4748305312710155,0.4318451385306583,"[[7307    1]
 [ 128    0]]",0.9998631636562672,0.0,0.0,0.9998631636562672
rrl_T2311A,0.0,0.0,0,0.0,1.0,1,1.0,0.4747296570275723,0.10361358248174642,"[[7307    1]
 [ 128    0]]",0.9998631636562672,0.0,0.0,0.9998631636562672
rrl_C2639T,0.0,0.0,0,0.0,1.0,1,0.06,0.4748560860793544,0.07985363898820601,"[[7307    1]
 [ 128    0]]",0.9998631636562672,0.0,0.0,0.9998631636562672
rrl_A1807T,0.0,0.0,0,0.0,1.0,1,0.5,0.4747969065232011,0.522540753946819,"[[7307    1]
 [ 128    0]]",0.9998631636562672,0.0,0.0,0.9998631636562672
rrl_C715T,0.0,0.0,0,0.0,1.0,2,0.25,0.47486077481840194,0.26619121688525516,"[[7306    2]
 [ 128    0]]",0.9997263273125342,0.0,0.0,0.9997263273125342
rrl_T1553G,0.0,0.0,0,0.0,1.0,1,0.25,0.4748305312710155,0.4318451385306583,"[[7307    1]
 [ 128    0]]",0.9998631636562672,0.0,0.0,0.9998631636562672
rrl_A1301G,0.0,0.0,0,0.0,1.0,1,0.5,0.4747969065232011,0.522540753946819,"[[7307    1]
 [ 128    0]]",0.9998631636562672,0.0,0.0,0.9998631636562672
rrl_G1542A,0.0,0.0,0,0.0,1.0,1,0.25,0.4748305312710155,0.4318451385306583,"[[7307    1]
 [ 128    0]]",0.9998631636562672,0.0,0.0,0.9998631636562672
rrl_T977G,0.0,0.0,0,0.0,1.0,1,0.5,0.4747969065232011,0.522540753946819,"[[7307    1]
 [ 128    0]]",0.9998631636562672,0.0,0.0,0.9998631636562672
rrl_G2368A,0.0,0.0,0,0.0,1.0,1,0.5,0.4747969065232011,0.522540753946819,"[[7307    1]
 [ 128    0]]",0.9998631636562672,0.0,0.0,0.9998631636562672
rrl_C1392T,0.0,0.0,0,0.0,1.0,2,0.5,0.47479351627656713,0.3657129434609747,"[[7306    2]
 [ 128    0]]",0.9997263273125342,0.0,0.0,0.9997263273125342
rrl_A2828G,0.0,0.0,0,0.0,1.0,1,0.12,0.474848016139879,0.11279240024383701,"[[7307    1]
 [ 128    0]]",0.9998631636562672,0.0,0.0,0.9998631636562672
rrl_T2329C,0.0,0.0,0,0.0,1.0,1,1.0,0.4747296570275723,0.10361358248174642,"[[7307    1]
 [ 128    0]]",0.9998631636562672,0.0,0.0,0.9998631636562672
rlmN_M104T,0.0,0.0,0,0.0,1.0,1,0.25,0.4748305312710155,0.4318451385306583,"[[7307    1]
 [ 128    0]]",0.9998631636562672,0.0,0.0,0.9998631636562672
rrl_C1537T,0.0,0.0,0,0.0,1.0,1,0.5,0.4747969065232011,0.522540753946819,"[[7307    1]
 [ 128    0]]",0.9998631636562672,0.0,0.0,0.9998631636562672
rrl_T2467C,0.0,0.0,0,0.0,1.0,1,0.5,0.4747969065232011,0.522540753946819,"[[7307    1]
 [ 128    0]]",0.9998631636562672,0.0,0.0,0.9998631636562672
rrl_G3063A,0.0,0.0,0,0.0,1.0,1,1.0,0.4747296570275723,0.10361358248174642,"[[7307    1]
 [ 128    0]]",0.9998631636562672,0.0,0.0,0.9998631636562672
rrl_C398A,0.0,0.0,0,0.0,1.0,1,0.25,0.4748305312710155,0.4318451385306583,"[[7307    1]
 [ 128    0]]",0.9998631636562672,0.0,0.0,0.9998631636562672
rrl_G293T,0.0,0.0,0,0.0,1.0,1,0.25,0.4748305312710155,0.4318451385306583,"[[7307    1]
 [ 128    0]]",0.9998631636562672,0.0,0.0,0.9998631636562672
rrl_G897C,0.0,0.0,0,0.0,1.0,1,0.25,0.4748305312710155,0.4318451385306583,"[[7307    1]
 [ 128    0]]",0.9998631636562672,0.0,0.0,0.9998631636562672
rrl_A323T,0.0,0.0,0,0.0,1.0,1,0.5,0.4747969065232011,0.522540753946819,"[[7307    1]
 [ 128    0]]",0.9998631636562672,0.0,0.0,0.9998631636562672
rlmN_L19Q,0.0,0.0,0,0.0,1.0,2,0.265,0.47485673930589184,0.3984815443666687,"[[7306    2]
 [ 128    0]]",0.9997263273125342,0.0,0.0,0.9997263273125342
tsnR_A237V,0.0,0.0,0,0.0,1.0,1,1.0,0.4747296570275723,0.10361358248174642,"[[7307    1]
 [ 128    0]]",0.9998631636562672,0.0,0.0,0.9998631636562672
rrl_T1475G,1.0,1.0682522304163616e-86,1,-1.0,0.017213555675094135,1,8.0,0.4737881640887694,0.06571032949405725,"[[7308    0]
 [ 127    1]]",1.0,0.0078125,0.0078125,1.0
rrl_T1636C,0.0,0.0,0,0.0,1.0,1,0.5,0.4747969065232011,0.522540753946819,"[[7307    1]
 [ 128    0]]",0.9998631636562672,0.0,0.0,0.9998631636562672
rrl_T2355A,0.0,0.0,0,0.0,1.0,3,0.5,0.47479012511771834,0.2678755051001471,"[[7305    3]
 [ 128    0]]",0.9995894909688013,0.0,0.0,0.9995894909688013
rrl_A1683G,0.0,0.0,0,0.0,1.0,1,0.125,0.4748473436449227,0.1515198759506363,"[[7307    1]
 [ 128    0]]",0.9998631636562672,0.0,0.0,0.9998631636562672
rrl_T2193C,0.0,0.0,0,0.0,1.0,1,0.5,0.4747969065232011,0.522540753946819,"[[7307    1]
 [ 128    0]]",0.9998631636562672,0.0,0.0,0.9998631636562672
rrl_C1350G,0.0,0.0,0,0.0,1.0,1,0.5,0.4747969065232011,0.522540753946819,"[[7307    1]
 [ 128    0]]",0.9998631636562672,0.0,0.0,0.9998631636562672
tsnR_F210L,0.0,0.0,0,0.0,1.0,1,0.25,0.4748305312710155,0.4318451385306583,"[[7307    1]
 [ 128    0]]",0.9998631636562672,0.0,0.0,0.9998631636562672
rrl_G1477A,0.0,0.0,0,0.0,1.0,1,0.06,0.4748560860793544,0.07985363898820601,"[[7307    1]
 [ 128    0]]",0.9998631636562672,0.0,0.0,0.9998631636562672
rrl_T366A,0.0,0.0,0,0.0,1.0,1,0.25,0.4748305312710155,0.4318451385306583,"[[7307    1]
 [ 128    0]]",0.9998631636562672,0.0,0.0,0.9998631636562672
rrl_G627T,0.0,0.0,0,0.0,1.0,2,0.265,0.47485673930589184,0.3984815443666687,"[[7306    2]
 [ 128    0]]",0.9997263273125342,0.0,0.0,0.9997263273125342
rlmN_D101N,0.0,0.0,0,0.0,1.0,1,0.5,0.4747969065232011,0.522540753946819,"[[7307    1]
 [ 128    0]]",0.9998631636562672,0.0,0.0,0.9998631636562672
rrl_A1438G,0.0,0.0,0,0.0,1.0,1,0.5,0.4747969065232011,0.522540753946819,"[[7307    1]
 [ 128    0]]",0.9998631636562672,0.0,0.0,0.9998631636562672
rrl_T1539A,0.0,0.0,0,0.0,1.0,1,0.25,0.4748305312710155,0.4318451385306583,"[[7307    1]
 [ 128    0]]",0.9998631636562672,0.0,0.0,0.9998631636562672
rrl_C1030T,0.0,0.0,0,0.0,1.0,1,0.25,0.4748305312710155,0.4318451385306583,"[[7307    1]
 [ 128    0]]",0.9998631636562672,0.0,0.0,0.9998631636562672
rrl_G1035A,0.0,0.0,0,0.0,1.0,1,0.25,0.4748305312710155,0.4318451385306583,"[[7307    1]
 [ 128    0]]",0.9998631636562672,0.0,0.0,0.9998631636562672
rrl_C2938T,0.0,0.0,0,0.0,1.0,1,0.06,0.4748560860793544,0.07985363898820601,"[[7307    1]
 [ 128    0]]",0.9998631636562672,0.0,0.0,0.9998631636562672
rrl_G2306T,0.0,0.0,0,0.0,1.0,1,0.25,0.4748305312710155,0.4318451385306583,"[[7307    1]
 [ 128    0]]",0.9998631636562672,0.0,0.0,0.9998631636562672
rrl_T327G,0.0,0.0,0,0.0,1.0,1,0.5,0.4747969065232011,0.522540753946819,"[[7307    1]
 [ 128    0]]",0.9998631636562672,0.0,0.0,0.9998631636562672
rlmN_M1L,0.0,0.0,0,0.0,1.0,4,0.375,0.4748540096878364,0.8835192402308276,"[[7304    4]
 [ 128    0]]",0.9994526546250684,0.0,0.0,0.9994526546250684
rlmN_R114P,0.0,0.0,0,0.0,1.0,1,0.5,0.4747969065232011,0.522540753946819,"[[7307    1]
 [ 128    0]]",0.9998631636562672,0.0,0.0,0.9998631636562672
rrl_C2964A,0.0,0.0,0,0.0,1.0,3,0.35333333333333333,0.47484932059733626,0.785126559067417,"[[7305    3]
 [ 128    0]]",0.9995894909688013,0.0,0.0,0.9995894909688013
rrl_G1352T,0.0,0.0,0,0.0,1.0,1,0.25,0.4748305312710155,0.4318451385306583,"[[7307    1]
 [ 128    0]]",0.9998631636562672,0.0,0.0,0.9998631636562672
rrl_C276T,0.0,0.0,0,0.0,1.0,2,0.375,0.47482714554748456,0.9175694243923439,"[[7306    2]
 [ 128    0]]",0.9997263273125342,0.0,0.0,0.9997263273125342
tsnR_E73K,0.0,0.0,0,0.0,1.0,2,0.1875,0.47487758945386066,0.11636499529161358,"[[7306    2]
 [ 128    0]]",0.9997263273125342,0.0,0.0,0.9997263273125342
tsnR_V242A,0.0,0.0,0,0.0,1.0,3,0.3333333333333333,0.4748573927081932,0.5902085617079412,"[[7305    3]
 [ 128    0]]",0.9995894909688013,0.0,0.0,0.9995894909688013
rlmN_R345*,0.0,0.0,0,0.0,1.0,1,0.5,0.4747969065232011,0.522540753946819,"[[7307    1]
 [ 128    0]]",0.9998631636562672,0.0,0.0,0.9998631636562672
rrl_C2809T,0.0,0.0,0,0.0,1.0,1,1.0,0.4747296570275723,0.10361358248174642,"[[7307    1]
 [ 128    0]]",0.9998631636562672,0.0,0.0,0.9998631636562672
rrl_C851A,0.0,0.0,0,0.0,1.0,1,0.06,0.4748560860793544,0.07985363898820601,"[[7307    1]
 [ 128    0]]",0.9998631636562672,0.0,0.0,0.9998631636562672
rrl_T1794C,0.0,0.0,0,0.0,1.0,1,0.5,0.4747969065232011,0.522540753946819,"[[7307    1]
 [ 128    0]]",0.9998631636562672,0.0,0.0,0.9998631636562672
tsnR_L152M,0.0,0.0,0,0.0,1.0,3,0.18666666666666668,0.47491658818781113,0.054929431748291964,"[[7305    3]
 [ 128    0]]",0.9995894909688013,0.0,0.0,0.9995894909688013
rrl_G370A,0.0,0.0,0,0.0,1.0,1,1.0,0.4747296570275723,0.10361358248174642,"[[7307    1]
 [ 128    0]]",0.9998631636562672,0.0,0.0,0.9998631636562672
rrl_G886T,0.0,0.0,0,0.0,1.0,1,0.25,0.4748305312710155,0.4318451385306583,"[[7307    1]
 [ 128    0]]",0.9998631636562672,0.0,0.0,0.9998631636562672
rrl_G421A,0.0,0.0,0,0.0,1.0,1,1.0,0.4747296570275723,0.10361358248174642,"[[7307    1]
 [ 128    0]]",0.9998631636562672,0.0,0.0,0.9998631636562672
rrl_G2357C,0.0,0.0,0,0.0,1.0,3,0.3333333333333333,0.4748573927081932,0.5902085617079412,"[[7305    3]
 [ 128    0]]",0.9995894909688013,0.0,0.0,0.9995894909688013
rrl_A814C,0.0,0.0,0,0.0,1.0,1,0.5,0.4747969065232011,0.522540753946819,"[[7307    1]
 [ 128    0]]",0.9998631636562672,0.0,0.0,0.9998631636562672
rrl_C3006T,0.0,0.0,0,0.0,1.0,1,0.5,0.4747969065232011,0.522540753946819,"[[7307    1]
 [ 128    0]]",0.9998631636562672,0.0,0.0,0.9998631636562672
rrl_A1658G,0.0,0.0,0,0.0,1.0,1,0.5,0.4747969065232011,0.522540753946819,"[[7307    1]
 [ 128    0]]",0.9998631636562672,0.0,0.0,0.9998631636562672
rrl_T329C,0.0,0.0,0,0.0,1.0,1,0.25,0.4748305312710155,0.4318451385306583,"[[7307    1]
 [ 128    0]]",0.9998631636562672,0.0,0.0,0.9998631636562672
rrl_G1716C,0.0,0.0,0,0.0,1.0,1,0.125,0.4748473436449227,0.1515198759506363,"[[7307    1]
 [ 128    0]]",0.9998631636562672,0.0,0.0,0.9998631636562672
rrl_C2064T,0.0,0.0,0,0.0,1.0,7,0.75,0.4745409880199219,0.008087625346448161,"[[7301    7]
 [ 128    0]]",0.9990421455938697,0.0,0.0,0.9990421455938697
tsnR_R17L,0.0,0.0,0,0.0,1.0,1,0.12,0.4748480161398789,0.11279240024383701,"[[7307    1]
 [ 128    0]]",0.9998631636562672,0.0,0.0,0.9998631636562672
rrl_G1608-,0.0,0.0,0,0.0,1.0,1,0.5,0.4747969065232011,0.522540753946819,"[[7307    1]
 [ 128    0]]",0.9998631636562672,0.0,0.0,0.9998631636562672
rplC_V185I,0.0,0.0,0,0.0,1.0,12,0.3433333333333333,0.47501279633620686,0.3697073546355266,"[[7296   12]
 [ 128    0]]",0.9983579638752053,0.0,0.0,0.9983579638752053
rrl_C1599T,0.0,0.0,0,0.0,1.0,1,0.25,0.4748305312710155,0.4318451385306583,"[[7307    1]
 [ 128    0]]",0.9998631636562672,0.0,0.0,0.9998631636562672
rrl_T1601G,0.0,0.0,0,0.0,1.0,1,0.5,0.4747969065232011,0.522540753946819,"[[7307    1]
 [ 128    0]]",0.9998631636562672,0.0,0.0,0.9998631636562672
rplC_G12S,0.0,0.0,0,0.0,1.0,1,1.0,0.4747296570275723,0.10361358248174642,"[[7307    1]
 [ 128    0]]",0.9998631636562672,0.0,0.0,0.9998631636562672
rrl_G1191C,0.0,0.0,0,0.0,1.0,1,0.125,0.4748473436449227,0.1515198759506363,"[[7307    1]
 [ 128    0]]",0.9998631636562672,0.0,0.0,0.9998631636562672
rrl_C1296G,0.0,0.0,0,0.0,1.0,1,0.5,0.4747969065232011,0.522540753946819,"[[7307    1]
 [ 128    0]]",0.9998631636562672,0.0,0.0,0.9998631636562672
tsnR_M132I,0.0,0.0,0,0.0,1.0,2,0.5,0.47479351627656713,0.3657129434609747,"[[7306    2]
 [ 128    0]]",0.9997263273125342,0.0,0.0,0.9997263273125342
rrl_T1362C,0.0,0.0,0,0.0,1.0,1,0.06,0.4748560860793544,0.07985363898820601,"[[7307    1]
 [ 128    0]]",0.9998631636562672,0.0,0.0,0.9998631636562672
rlmN_R93*,0.0,0.0,0,0.0,1.0,2,0.375,0.47482714554748456,0.9175694243923439,"[[7306    2]
 [ 128    0]]",0.9997263273125342,0.0,0.0,0.9997263273125342
rrl_C2030T,0.0,0.0,0,0.0,1.0,1,0.5,0.4747969065232011,0.522540753946819,"[[7307    1]
 [ 128    0]]",0.9998631636562672,0.0,0.0,0.9998631636562672
tsnR_L99F,0.0,0.0,0,0.0,1.0,1,1.0,0.4747296570275723,0.10361358248174642,"[[7307    1]
 [ 128    0]]",0.9998631636562672,0.0,0.0,0.9998631636562672
rrl_G1880C,0.0,0.0,0,0.0,1.0,1,0.25,0.4748305312710155,0.4318451385306583,"[[7307    1]
 [ 128    0]]",0.9998631636562672,0.0,0.0,0.9998631636562672
rrl_A1158T,0.0,0.0,0,0.0,1.0,1,0.5,0.4747969065232011,0.522540753946819,"[[7307    1]
 [ 128    0]]",0.9998631636562672,0.0,0.0,0.9998631636562672
rrl_A1803G,0.0,0.0,0,0.0,1.0,1,1.0,0.4747296570275723,0.10361358248174642,"[[7307    1]
 [ 128    0]]",0.9998631636562672,0.0,0.0,0.9998631636562672
rrl_T896C,0.0,0.0,0,0.0,1.0,2,0.375,0.47482714554748456,0.9175694243923439,"[[7306    2]
 [ 128    0]]",0.9997263273125342,0.0,0.0,0.9997263273125342
rrl_G477C,0.0,0.0,0,0.0,1.0,1,0.25,0.4748305312710155,0.4318451385306583,"[[7307    1]
 [ 128    0]]",0.9998631636562672,0.0,0.0,0.9998631636562672
rrl_A2465G,0.0,0.0,0,0.0,1.0,1,0.25,0.4748305312710155,0.4318451385306583,"[[7307    1]
 [ 128    0]]",0.9998631636562672,0.0,0.0,0.9998631636562672
rrl_C2421A,0.0,0.0,0,0.0,1.0,1,0.25,0.4748305312710155,0.4318451385306583,"[[7307    1]
 [ 128    0]]",0.9998631636562672,0.0,0.0,0.9998631636562672
rrl_C1847A,0.0,0.0,0,0.0,1.0,5,0.7,0.4746487686717804,0.020628702208501805,"[[7303    5]
 [ 128    0]]",0.9993158182813355,0.0,0.0,0.9993158182813355
rrl_T544C,0.0,0.0,0,0.0,1.0,3,0.4366666666666667,0.4748156868020988,0.5992669710637575,"[[7305    3]
 [ 128    0]]",0.9995894909688013,0.0,0.0,0.9995894909688013
rrl_G2135T,0.0,0.0,0,0.0,1.0,1,0.06,0.4748560860793544,0.07985363898820601,"[[7307    1]
 [ 128    0]]",0.9998631636562672,0.0,0.0,0.9998631636562672
rrl_C2374A,0.0,0.0,0,0.0,1.0,4,0.11624999999999999,0.474993272335845,0.003688106151801857,"[[7304    4]
 [ 128    0]]",0.9994526546250684,0.0,0.0,0.9994526546250684
rrl_A1823T,0.0,0.0,0,0.0,1.0,1,0.25,0.4748305312710155,0.4318451385306583,"[[7307    1]
 [ 128    0]]",0.9998631636562672,0.0,0.0,0.9998631636562672
tsnR_G149D,0.0,0.0,0,0.0,1.0,1,0.25,0.4748305312710155,0.4318451385306583,"[[7307    1]
 [ 128    0]]",0.9998631636562672,0.0,0.0,0.9998631636562672
rrl_T284C,0.0,0.0,0,0.0,1.0,1,0.25,0.4748305312710155,0.4318451385306583,"[[7307    1]
 [ 128    0]]",0.9998631636562672,0.0,0.0,0.9998631636562672
rrl_C1014G,0.0,0.0,0,0.0,1.0,1,0.125,0.4748473436449227,0.1515198759506363,"[[7307    1]
 [ 128    0]]",0.9998631636562672,0.0,0.0,0.9998631636562672
rrl_G803C,0.0,0.0,0,0.0,1.0,1,0.125,0.4748473436449227,0.1515198759506363,"[[7307    1]
 [ 128    0]]",0.9998631636562672,0.0,0.0,0.9998631636562672
rlmN_P113S,0.012024048096192385,0.008503332013429716,6,0.6798457087753134,0.4746280746521692,499,0.4068637274549098,0.47968718466195764,6.928174333443977e-08,"[[6815  493]
 [ 122    6]]",0.9325396825396826,0.046875,0.046875,0.9325396825396826
rrl_T302C,0.0,0.0,0,0.0,1.0,1,0.06,0.4748560860793544,0.07985363898820601,"[[7307    1]
 [ 128    0]]",0.9998631636562672,0.0,0.0,0.9998631636562672
rrl_G475T,0.0,0.0,0,0.0,1.0,1,0.5,0.4747969065232011,0.522540753946819,"[[7307    1]
 [ 128    0]]",0.9998631636562672,0.0,0.0,0.9998631636562672
rrl_A1206-,0.0,0.0,0,0.0,1.0,1,1.0,0.4747296570275723,0.10361358248174642,"[[7307    1]
 [ 128    0]]",0.9998631636562672,0.0,0.0,0.9998631636562672
rlmN_Q91*,0.0,0.0,0,0.0,1.0,2,0.185,0.474878262039279,0.09346280240679768,"[[7306    2]
 [ 128    0]]",0.9997263273125342,0.0,0.0,0.9997263273125342
rrl_G2391C,0.0,0.0,0,0.0,1.0,1,0.25,0.4748305312710155,0.4318451385306583,"[[7307    1]
 [ 128    0]]",0.9998631636562672,0.0,0.0,0.9998631636562672
rrl_A511G,0.0,0.0,0,0.0,1.0,1,0.25,0.4748305312710155,0.4318451385306583,"[[7307    1]
 [ 128    0]]",0.9998631636562672,0.0,0.0,0.9998631636562672
rrl_C2444A,0.0,0.0,0,0.0,1.0,1,0.5,0.4747969065232011,0.522540753946819,"[[7307    1]
 [ 128    0]]",0.9998631636562672,0.0,0.0,0.9998631636562672
tsnR_I221M,0.0,0.0,0,0.0,1.0,5,0.35,0.4748842686044947,0.6292493048462113,"[[7303    5]
 [ 128    0]]",0.9993158182813355,0.0,0.0,0.9993158182813355
rrl_C2383A,0.0,0.0,0,0.0,1.0,1,0.25,0.4748305312710155,0.4318451385306583,"[[7307    1]
 [ 128    0]]",0.9998631636562672,0.0,0.0,0.9998631636562672
rrl_G1055C,0.0,0.0,0,0.0,1.0,1,0.06,0.4748560860793544,0.07985363898820601,"[[7307    1]
 [ 128    0]]",0.9998631636562672,0.0,0.0,0.9998631636562672
rrl_G1004C,0.0,0.0,0,0.0,1.0,1,0.25,0.4748305312710155,0.4318451385306583,"[[7307    1]
 [ 128    0]]",0.9998631636562672,0.0,0.0,0.9998631636562672
rrl_G1705A,0.0,0.0,0,0.0,1.0,1,1.0,0.4747296570275723,0.10361358248174642,"[[7307    1]
 [ 128    0]]",0.9998631636562672,0.0,0.0,0.9998631636562672
rrl_C359T,0.0,0.0,0,0.0,1.0,1,0.5,0.4747969065232011,0.522540753946819,"[[7307    1]
 [ 128    0]]",0.9998631636562672,0.0,0.0,0.9998631636562672
rlmN_P12A,0.0,0.0,0,0.0,1.0,1,0.5,0.4747969065232011,0.522540753946819,"[[7307    1]
 [ 128    0]]",0.9998631636562672,0.0,0.0,0.9998631636562672
rrl_T2766C,1.0,1.0682522304163616e-86,1,-1.0,0.017213555675094135,1,2.0,0.47459515803631475,0.0715745975784195,"[[7308    0]
 [ 127    1]]",1.0,0.0078125,0.0078125,1.0
rrl_G2091T,0.0,0.0,0,0.0,1.0,1,0.12,0.474848016139879,0.11279240024383701,"[[7307    1]
 [ 128    0]]",0.9998631636562672,0.0,0.0,0.9998631636562672
rrl_T2387A,0.0,0.0,0,0.0,1.0,2,0.625,0.47475988700564975,0.551893432116616,"[[7306    2]
 [ 128    0]]",0.9997263273125342,0.0,0.0,0.9997263273125342
rrl_G2353T,0.0,0.0,0,0.0,1.0,3,0.6666666666666666,0.4747228575272434,0.09323927554616021,"[[7305    3]
 [ 128    0]]",0.9995894909688013,0.0,0.0,0.9995894909688013
rrl_A452-,0.0,0.0,0,0.0,1.0,1,0.5,0.4747969065232011,0.522540753946819,"[[7307    1]
 [ 128    0]]",0.9998631636562672,0.0,0.0,0.9998631636562672
rrl_C1723T,0.0,0.0,0,0.0,1.0,1,0.06,0.4748560860793544,0.07985363898820601,"[[7307    1]
 [ 128    0]]",0.9998631636562672,0.0,0.0,0.9998631636562672
rrl_C820G,0.0,0.0,0,0.0,1.0,1,0.25,0.4748305312710155,0.4318451385306583,"[[7307    1]
 [ 128    0]]",0.9998631636562672,0.0,0.0,0.9998631636562672
rrl_G1722C,0.0,0.0,0,0.0,1.0,1,0.06,0.4748560860793544,0.07985363898820601,"[[7307    1]
 [ 128    0]]",0.9998631636562672,0.0,0.0,0.9998631636562672
rrl_A2120G,0.0,0.0,0,0.0,1.0,1,0.5,0.4747969065232011,0.522540753946819,"[[7307    1]
 [ 128    0]]",0.9998631636562672,0.0,0.0,0.9998631636562672
rrl_G806A,0.0,0.0,0,0.0,1.0,1,0.25,0.4748305312710155,0.4318451385306583,"[[7307    1]
 [ 128    0]]",0.9998631636562672,0.0,0.0,0.9998631636562672
rrl_G2324C,0.0,0.0,0,0.0,1.0,1,1.0,0.4747296570275723,0.10361358248174642,"[[7307    1]
 [ 128    0]]",0.9998631636562672,0.0,0.0,0.9998631636562672
rrl_A804T,0.0,0.0,0,0.0,1.0,1,0.25,0.4748305312710155,0.4318451385306583,"[[7307    1]
 [ 128    0]]",0.9998631636562672,0.0,0.0,0.9998631636562672
rlmN_R336G,0.0,0.0,0,0.0,1.0,1,0.25,0.4748305312710155,0.4318451385306583,"[[7307    1]
 [ 128    0]]",0.9998631636562672,0.0,0.0,0.9998631636562672
rrl_G1381A,0.0,0.0,0,0.0,1.0,1,0.25,0.4748305312710155,0.4318451385306583,"[[7307    1]
 [ 128    0]]",0.9998631636562672,0.0,0.0,0.9998631636562672
rrl_G1078T,0.0,0.0,0,0.0,1.0,2,1.0,0.47465899919289756,0.021330710049111756,"[[7306    2]
 [ 128    0]]",0.9997263273125342,0.0,0.0,0.9997263273125342
rrl_C1051G,0.0,0.0,0,0.0,1.0,1,0.25,0.4748305312710155,0.4318451385306583,"[[7307    1]
 [ 128    0]]",0.9998631636562672,0.0,0.0,0.9998631636562672
rrl_C2341A,0.0,0.0,0,0.0,1.0,1,0.12,0.4748480161398789,0.11279240024383701,"[[7307    1]
 [ 128    0]]",0.9998631636562672,0.0,0.0,0.9998631636562672
rrl_G1678T,0.0,0.0,0,0.0,1.0,1,0.06,0.4748560860793544,0.07985363898820601,"[[7307    1]
 [ 128    0]]",0.9998631636562672,0.0,0.0,0.9998631636562672
rrl_T1372C,0.0,0.0,0,0.0,1.0,2,0.375,0.47482714554748456,0.9175694243923439,"[[7306    2]
 [ 128    0]]",0.9997263273125342,0.0,0.0,0.9997263273125342
tsnR_R117H,0.0,0.0,0,0.0,1.0,1,0.5,0.4747969065232011,0.522540753946819,"[[7307    1]
 [ 128    0]]",0.9998631636562672,0.0,0.0,0.9998631636562672
rrl_C612T,0.0,0.0,0,0.0,1.0,4,0.375,0.4748540096878364,0.8835192402308276,"[[7304    4]
 [ 128    0]]",0.9994526546250684,0.0,0.0,0.9994526546250684
rrl_T2209G,0.0,0.0,0,0.0,1.0,1,0.25,0.4748305312710155,0.4318451385306583,"[[7307    1]
 [ 128    0]]",0.9998631636562672,0.0,0.0,0.9998631636562672
rrl_A2156T,0.0,0.0,0,0.0,1.0,1,1.0,0.4747296570275723,0.10361358248174642,"[[7307    1]
 [ 128    0]]",0.9998631636562672,0.0,0.0,0.9998631636562672
rrl_G2722T,0.0,0.0,0,0.0,1.0,1,0.5,0.4747969065232011,0.522540753946819,"[[7307    1]
 [ 128    0]]",0.9998631636562672,0.0,0.0,0.9998631636562672
rrl_C1079T,0.0,0.0,0,0.0,1.0,1,1.0,0.4747296570275723,0.10361358248174642,"[[7307    1]
 [ 128    0]]",0.9998631636562672,0.0,0.0,0.9998631636562672
rrl_T1527G,0.0,0.0,0,0.0,1.0,1,0.5,0.4747969065232011,0.522540753946819,"[[7307    1]
 [ 128    0]]",0.9998631636562672,0.0,0.0,0.9998631636562672
rrl_G2361A,0.0,0.0,0,0.0,1.0,1,0.06,0.4748560860793544,0.07985363898820601,"[[7307    1]
 [ 128    0]]",0.9998631636562672,0.0,0.0,0.9998631636562672
rrl_A1882G,0.0,0.0,0,0.0,1.0,2,0.25,0.47486077481840194,0.26619121688525516,"[[7306    2]
 [ 128    0]]",0.9997263273125342,0.0,0.0,0.9997263273125342
rrl_C2234G,0.0,0.0,0,0.0,1.0,1,0.25,0.4748305312710155,0.4318451385306583,"[[7307    1]
 [ 128    0]]",0.9998631636562672,0.0,0.0,0.9998631636562672
rrl_A290T,0.0,0.0,0,0.0,1.0,1,0.25,0.4748305312710155,0.4318451385306583,"[[7307    1]
 [ 128    0]]",0.9998631636562672,0.0,0.0,0.9998631636562672
rrl_T303C,0.0,0.0,0,0.0,1.0,1,0.25,0.4748305312710155,0.4318451385306583,"[[7307    1]
 [ 128    0]]",0.9998631636562672,0.0,0.0,0.9998631636562672
rrl_C643A,0.0,0.0,0,0.0,1.0,1,0.5,0.4747969065232011,0.522540753946819,"[[7307    1]
 [ 128    0]]",0.9998631636562672,0.0,0.0,0.9998631636562672
rrl_A2882G,0.0,0.0,0,0.0,1.0,1,0.06,0.4748560860793544,0.07985363898820601,"[[7307    1]
 [ 128    0]]",0.9998631636562672,0.0,0.0,0.9998631636562672
rrl_G2370T,0.0,0.0,0,0.0,1.0,2,0.375,0.47482714554748456,0.9175694243923439,"[[7306    2]
 [ 128    0]]",0.9997263273125342,0.0,0.0,0.9997263273125342
rrl_T302A,0.0,0.0,0,0.0,1.0,1,0.5,0.4747969065232011,0.522540753946819,"[[7307    1]
 [ 128    0]]",0.9998631636562672,0.0,0.0,0.9998631636562672
rrl_G1212A,0.0,0.0,0,0.0,1.0,1,0.5,0.4747969065232011,0.522540753946819,"[[7307    1]
 [ 128    0]]",0.9998631636562672,0.0,0.0,0.9998631636562672
rrl_G298T,0.0,0.0,0,0.0,1.0,1,0.5,0.4747969065232011,0.522540753946819,"[[7307    1]
 [ 128    0]]",0.9998631636562672,0.0,0.0,0.9998631636562672
rlmN_T245I,0.0,0.0,0,0.0,1.0,1,0.5,0.4747969065232011,0.522540753946819,"[[7307    1]
 [ 128    0]]",0.9998631636562672,0.0,0.0,0.9998631636562672
rrl_T530C,0.0,0.0,0,0.0,1.0,1,0.25,0.4748305312710155,0.4318451385306583,"[[7307    1]
 [ 128    0]]",0.9998631636562672,0.0,0.0,0.9998631636562672
rrl_C1698G,0.0,0.0,0,0.0,1.0,1,0.25,0.4748305312710155,0.4318451385306583,"[[7307    1]
 [ 128    0]]",0.9998631636562672,0.0,0.0,0.9998631636562672
rrl_A958T,0.0,0.0,0,0.0,1.0,1,0.5,0.4747969065232011,0.522540753946819,"[[7307    1]
 [ 128    0]]",0.9998631636562672,0.0,0.0,0.9998631636562672
rrl_C2095T,0.0,0.0,0,0.0,1.0,1,0.125,0.4748473436449227,0.1515198759506363,"[[7307    1]
 [ 128    0]]",0.9998631636562672,0.0,0.0,0.9998631636562672
rrl_C686T,0.0,0.0,0,0.0,1.0,1,0.5,0.4747969065232011,0.522540753946819,"[[7307    1]
 [ 128    0]]",0.9998631636562672,0.0,0.0,0.9998631636562672
rrl_T516A,0.0,0.0,0,0.0,1.0,1,0.25,0.4748305312710155,0.4318451385306583,"[[7307    1]
 [ 128    0]]",0.9998631636562672,0.0,0.0,0.9998631636562672
rrl_C2220A,0.0,0.0,0,0.0,1.0,1,0.25,0.4748305312710155,0.4318451385306583,"[[7307    1]
 [ 128    0]]",0.9998631636562672,0.0,0.0,0.9998631636562672
rrl_T302G,0.0,0.0,0,0.0,1.0,1,0.25,0.4748305312710155,0.4318451385306583,"[[7307    1]
 [ 128    0]]",0.9998631636562672,0.0,0.0,0.9998631636562672
rrl_C2225T,0.0,0.0,0,0.0,1.0,1,0.5,0.4747969065232011,0.522540753946819,"[[7307    1]
 [ 128    0]]",0.9998631636562672,0.0,0.0,0.9998631636562672
rrl_C1013A,0.0,0.0,0,0.0,1.0,1,0.5,0.4747969065232011,0.522540753946819,"[[7307    1]
 [ 128    0]]",0.9998631636562672,0.0,0.0,0.9998631636562672
rrl_T1601C,0.0,0.0,0,0.0,1.0,1,0.5,0.4747969065232011,0.522540753946819,"[[7307    1]
 [ 128    0]]",0.9998631636562672,0.0,0.0,0.9998631636562672
rrl_G1383T,0.0,0.0,0,0.0,1.0,1,0.25,0.4748305312710155,0.4318451385306583,"[[7307    1]
 [ 128    0]]",0.9998631636562672,0.0,0.0,0.9998631636562672
rrl_C837A,0.0,0.0,0,0.0,1.0,1,0.5,0.4747969065232011,0.522540753946819,"[[7307    1]
 [ 128    0]]",0.9998631636562672,0.0,0.0,0.9998631636562672
rrl_C866T,0.0,0.0,0,0.0,1.0,1,0.5,0.4747969065232011,0.522540753946819,"[[7307    1]
 [ 128    0]]",0.9998631636562672,0.0,0.0,0.9998631636562672
rrl_C597-,0.0,0.0,0,0.0,1.0,1,0.5,0.4747969065232011,0.522540753946819,"[[7307    1]
 [ 128    0]]",0.9998631636562672,0.0,0.0,0.9998631636562672
rrl_C935A,0.0,0.0,0,0.0,1.0,1,0.25,0.4748305312710155,0.4318451385306583,"[[7307    1]
 [ 128    0]]",0.9998631636562672,0.0,0.0,0.9998631636562672
rrl_G831C,0.0,0.0,0,0.0,1.0,1,0.5,0.4747969065232011,0.522540753946819,"[[7307    1]
 [ 128    0]]",0.9998631636562672,0.0,0.0,0.9998631636562672
rrl_A949G,0.0,0.0,0,0.0,1.0,1,0.125,0.4748473436449227,0.1515198759506363,"[[7307    1]
 [ 128    0]]",0.9998631636562672,0.0,0.0,0.9998631636562672
rrl_G2282C,0.0,0.0,0,0.0,1.0,1,0.125,0.4748473436449227,0.1515198759506363,"[[7307    1]
 [ 128    0]]",0.9998631636562672,0.0,0.0,0.9998631636562672
rlmN_R185G,0.013157894736842105,0.004821107265278278,2,0.7574603174603175,1.0,152,0.30967105263157896,0.4782461559582647,1.975727183838131e-13,"[[7158  150]
 [ 126    2]]",0.9794745484400657,0.015625,0.015625,0.9794745484400657
rrl_T284A,0.0,0.0,0,0.0,1.0,1,0.25,0.4748305312710155,0.4318451385306583,"[[7307    1]
 [ 128    0]]",0.9998631636562672,0.0,0.0,0.9998631636562672
rrl_T823C,0.0,0.0,0,0.0,1.0,1,0.5,0.4747969065232011,0.522540753946819,"[[7307    1]
 [ 128    0]]",0.9998631636562672,0.0,0.0,0.9998631636562672
rrl_A1344C,0.0,0.0,0,0.0,1.0,1,0.5,0.4747969065232011,0.522540753946819,"[[7307    1]
 [ 128    0]]",0.9998631636562672,0.0,0.0,0.9998631636562672
rrl_C924G,0.0,0.0,0,0.0,1.0,1,0.25,0.4748305312710155,0.4318451385306583,"[[7307    1]
 [ 128    0]]",0.9998631636562672,0.0,0.0,0.9998631636562672
rlmN_I275T,0.0,0.0,0,0.0,1.0,1,0.5,0.4747969065232011,0.522540753946819,"[[7307    1]
 [ 128    0]]",0.9998631636562672,0.0,0.0,0.9998631636562672
rlmN_A64E,0.0,0.0,0,0.0,1.0,1,0.5,0.4747969065232011,0.522540753946819,"[[7307    1]
 [ 128    0]]",0.9998631636562672,0.0,0.0,0.9998631636562672
rrl_T2153A,0.0,0.0,0,0.0,1.0,1,1.0,0.4747296570275723,0.10361358248174642,"[[7307    1]
 [ 128    0]]",0.9998631636562672,0.0,0.0,0.9998631636562672
rrl_T2334G,0.0,0.0,0,0.0,1.0,1,0.25,0.4748305312710155,0.4318451385306583,"[[7307    1]
 [ 128    0]]",0.9998631636562672,0.0,0.0,0.9998631636562672
rlmN_V362I,0.0,0.0,0,0.0,1.0,1,0.12,0.4748480161398789,0.11279240024383701,"[[7307    1]
 [ 128    0]]",0.9998631636562672,0.0,0.0,0.9998631636562672
rrl_T448C,0.0,0.0,0,0.0,1.0,1,1.0,0.4747296570275723,0.10361358248174642,"[[7307    1]
 [ 128    0]]",0.9998631636562672,0.0,0.0,0.9998631636562672
rrl_T599C,0.0,0.0,0,0.0,1.0,1,0.5,0.4747969065232011,0.522540753946819,"[[7307    1]
 [ 128    0]]",0.9998631636562672,0.0,0.0,0.9998631636562672
rlmN_A32V,0.0,0.0,0,0.0,1.0,1,0.5,0.4747969065232011,0.522540753946819,"[[7307    1]
 [ 128    0]]",0.9998631636562672,0.0,0.0,0.9998631636562672
rrl_C997T,1.0,1.0682522304163616e-86,1,-1.0,0.017213555675094135,1,4.0,0.47432616005379963,0.06778160888130089,"[[7308    0]
 [ 127    1]]",1.0,0.0078125,0.0078125,1.0
rrl_A141G,0.0,0.0,0,0.0,1.0,1,1.0,0.4747296570275723,0.10361358248174642,"[[7307    1]
 [ 128    0]]",0.9998631636562672,0.0,0.0,0.9998631636562672
rrl_T67G,0.0,0.0,0,0.0,1.0,1,0.25,0.4748305312710155,0.4318451385306583,"[[7307    1]
 [ 128    0]]",0.9998631636562672,0.0,0.0,0.9998631636562672
rrl_G1442C,0.0,0.0,0,0.0,1.0,1,0.5,0.4747969065232011,0.522540753946819,"[[7307    1]
 [ 128    0]]",0.9998631636562672,0.0,0.0,0.9998631636562672
rrl_G287C,0.0,0.0,0,0.0,1.0,3,0.16333333333333333,0.4749260056504776,0.022283583721224326,"[[7305    3]
 [ 128    0]]",0.9995894909688013,0.0,0.0,0.9995894909688013
rrl_C666G,0.0,0.0,0,0.0,1.0,2,0.5,0.47479351627656713,0.3657129434609747,"[[7306    2]
 [ 128    0]]",0.9997263273125342,0.0,0.0,0.9997263273125342
rrl_G2814T,0.75,0.2008369070518789,6,179.65573770491804,6.299537051569569e-10,8,2.84375,0.47224892299407645,0.00014255739846920901,"[[7306    2]
 [ 122    6]]",0.9997263273125342,0.046875,0.046875,0.9997263273125342
rrl_C426G,0.0,0.0,0,0.0,1.0,1,0.25,0.4748305312710155,0.4318451385306583,"[[7307    1]
 [ 128    0]]",0.9998631636562672,0.0,0.0,0.9998631636562672
rrl_A350C,0.0,0.0,0,0.0,1.0,1,0.25,0.4748305312710155,0.4318451385306583,"[[7307    1]
 [ 128    0]]",0.9998631636562672,0.0,0.0,0.9998631636562672
rrl_G2418T,0.0,0.0,0,0.0,1.0,1,0.5,0.4747969065232011,0.522540753946819,"[[7307    1]
 [ 128    0]]",0.9998631636562672,0.0,0.0,0.9998631636562672
rlmN_fs_N46D,0.0,0.0,0,0.0,1.0,2,0.375,0.47482714554748456,0.9175694243923439,"[[7306    2]
 [ 128    0]]",0.9997263273125342,0.0,0.0,0.9997263273125342
rrl_T973C,0.0,0.0,0,0.0,1.0,1,0.5,0.4747969065232011,0.522540753946819,"[[7307    1]
 [ 128    0]]",0.9998631636562672,0.0,0.0,0.9998631636562672
rrl_G1306A,0.0,0.0,0,0.0,1.0,1,0.25,0.4748305312710155,0.4318451385306583,"[[7307    1]
 [ 128    0]]",0.9998631636562672,0.0,0.0,0.9998631636562672
rrl_C266A,0.0,0.0,0,0.0,1.0,1,0.5,0.4747969065232011,0.522540753946819,"[[7307    1]
 [ 128    0]]",0.9998631636562672,0.0,0.0,0.9998631636562672
rrl_G1142A,0.0,0.0,0,0.0,1.0,1,0.25,0.4748305312710155,0.4318451385306583,"[[7307    1]
 [ 128    0]]",0.9998631636562672,0.0,0.0,0.9998631636562672
rrl_G1081A,0.0,0.0,0,0.0,1.0,1,0.5,0.4747969065232011,0.522540753946819,"[[7307    1]
 [ 128    0]]",0.9998631636562672,0.0,0.0,0.9998631636562672
rrl_C848A,0.0,0.0,0,0.0,1.0,1,0.25,0.4748305312710155,0.4318451385306583,"[[7307    1]
 [ 128    0]]",0.9998631636562672,0.0,0.0,0.9998631636562672
tsnR_L232P,0.016616957818491693,0.01360266780517343,117,0.5898849850322987,0.10765500549832072,7041,0.46504047720494246,0.6487721518987343,1.625629167577878e-33,"[[ 384 6924]
 [  11  117]]",0.052545155993431854,0.9140625,0.9140625,0.052545155993431854
rrl_G2299T,0.0,0.0,0,0.0,1.0,1,0.5,0.4747969065232011,0.522540753946819,"[[7307    1]
 [ 128    0]]",0.9998631636562672,0.0,0.0,0.9998631636562672
rrl_G1168C,0.0,0.0,0,0.0,1.0,1,1.0,0.4747296570275723,0.10361358248174642,"[[7307    1]
 [ 128    0]]",0.9998631636562672,0.0,0.0,0.9998631636562672
rrl_G1287T,0.0,0.0,0,0.0,1.0,1,0.25,0.4748305312710155,0.4318451385306583,"[[7307    1]
 [ 128    0]]",0.9998631636562672,0.0,0.0,0.9998631636562672
rlmN_V332I,0.0,0.0,0,0.0,1.0,1,0.12,0.474848016139879,0.11279240024383701,"[[7307    1]
 [ 128    0]]",0.9998631636562672,0.0,0.0,0.9998631636562672
rrl_G2600T,0.0,0.0,0,0.0,1.0,1,1.0,0.4747296570275723,0.10361358248174642,"[[7307    1]
 [ 128    0]]",0.9998631636562672,0.0,0.0,0.9998631636562672
rrl_G2781A,0.0,0.0,0,0.0,1.0,1,0.5,0.4747969065232011,0.522540753946819,"[[7307    1]
 [ 128    0]]",0.9998631636562672,0.0,0.0,0.9998631636562672
rplC_R214Q,0.0,0.0,0,0.0,1.0,1,0.5,0.4747969065232011,0.522540753946819,"[[7307    1]
 [ 128    0]]",0.9998631636562672,0.0,0.0,0.9998631636562672
rrl_T2335G,0.0,0.0,0,0.0,1.0,1,0.5,0.4747969065232011,0.522540753946819,"[[7307    1]
 [ 128    0]]",0.9998631636562672,0.0,0.0,0.9998631636562672
rrl_G2010A,0.0,0.0,0,0.0,1.0,2,0.5,0.47479351627656713,0.3657129434609747,"[[7306    2]
 [ 128    0]]",0.9997263273125342,0.0,0.0,0.9997263273125342
rplC_C154R,0.6363636363636364,0.4833297942268588,21,119.32710280373831,4.890071556723062e-30,33,2.5166666666666666,0.4656983655274888,7.580068033244435e-10,"[[7296   12]
 [ 107   21]]",0.9983579638752053,0.1640625,0.1640625,0.9983579638752053
rrl_T630A,0.0,0.0,0,0.0,1.0,1,0.5,0.4747969065232011,0.522540753946819,"[[7307    1]
 [ 128    0]]",0.9998631636562672,0.0,0.0,0.9998631636562672
rrl_C1834T,0.0,0.0,0,0.0,1.0,1,0.06,0.4748560860793544,0.07985363898820601,"[[7307    1]
 [ 128    0]]",0.9998631636562672,0.0,0.0,0.9998631636562672
rrl_T3017C,0.0,0.0,0,0.0,1.0,3,0.29,0.4748748822817167,0.31715614136586223,"[[7305    3]
 [ 128    0]]",0.9995894909688013,0.0,0.0,0.9995894909688013
rrl_T1310A,0.0,0.0,0,0.0,1.0,1,1.0,0.4747296570275723,0.10361358248174642,"[[7307    1]
 [ 128    0]]",0.9998631636562672,0.0,0.0,0.9998631636562672
rrl_C1569T,0.0,0.0,0,0.0,1.0,1,0.25,0.4748305312710155,0.4318451385306583,"[[7307    1]
 [ 128    0]]",0.9998631636562672,0.0,0.0,0.9998631636562672
rrl_A2943T,0.0,0.0,0,0.0,1.0,1,0.12,0.474848016139879,0.11279240024383701,"[[7307    1]
 [ 128    0]]",0.9998631636562672,0.0,0.0,0.9998631636562672
tsnR_A53V,0.0,0.0,0,0.0,1.0,1,0.5,0.4747969065232011,0.522540753946819,"[[7307    1]
 [ 128    0]]",0.9998631636562672,0.0,0.0,0.9998631636562672
rlmN_Q91R,0.0,0.0,0,0.0,1.0,5,0.236,0.47496097429686446,0.056092827770478665,"[[7303    5]
 [ 128    0]]",0.9993158182813355,0.0,0.0,0.9993158182813355
rrl_G1185C,0.0,0.0,0,0.0,1.0,1,0.5,0.4747969065232011,0.522540753946819,"[[7307    1]
 [ 128    0]]",0.9998631636562672,0.0,0.0,0.9998631636562672
rplC_A31T,0.0,0.0,0,0.0,1.0,9,0.4788888888888889,0.4747953413222028,0.3288691525747376,"[[7299    9]
 [ 128    0]]",0.9987684729064039,0.0,0.0,0.9987684729064039
rplC_D18N,0.0,0.0,0,0.0,1.0,2,0.25,0.47486077481840194,0.26619121688525516,"[[7306    2]
 [ 128    0]]",0.9997263273125342,0.0,0.0,0.9997263273125342
rrl_A2115G,0.0,0.0,0,0.0,1.0,1,0.25,0.4748305312710155,0.4318451385306583,"[[7307    1]
 [ 128    0]]",0.9998631636562672,0.0,0.0,0.9998631636562672
rrl_A1473T,0.0,0.0,0,0.0,1.0,1,0.5,0.4747969065232011,0.522540753946819,"[[7307    1]
 [ 128    0]]",0.9998631636562672,0.0,0.0,0.9998631636562672
rrl_G435T,0.0,0.0,0,0.0,1.0,1,0.12,0.474848016139879,0.11279240024383701,"[[7307    1]
 [ 128    0]]",0.9998631636562672,0.0,0.0,0.9998631636562672
rlmN_H18P,0.0,0.0,0,0.0,1.0,1,0.5,0.4747969065232011,0.522540753946819,"[[7307    1]
 [ 128    0]]",0.9998631636562672,0.0,0.0,0.9998631636562672
rrl_T2326G,0.0,0.0,0,0.0,1.0,1,0.25,0.4748305312710155,0.4318451385306583,"[[7307    1]
 [ 128    0]]",0.9998631636562672,0.0,0.0,0.9998631636562672
rrl_T331G,0.0,0.0,0,0.0,1.0,1,0.5,0.4747969065232011,0.522540753946819,"[[7307    1]
 [ 128    0]]",0.9998631636562672,0.0,0.0,0.9998631636562672
rrl_C1264T,0.0,0.0,0,0.0,1.0,8,0.4375,0.4748404684975768,0.8870704323439289,"[[7300    8]
 [ 128    0]]",0.9989053092501369,0.0,0.0,0.9989053092501369
rrl_T595G,0.0,0.0,0,0.0,1.0,1,0.5,0.4747969065232011,0.522540753946819,"[[7307    1]
 [ 128    0]]",0.9998631636562672,0.0,0.0,0.9998631636562672
rrl_G2974A,0.0,0.0,0,0.0,1.0,1,0.5,0.4747969065232011,0.522540753946819,"[[7307    1]
 [ 128    0]]",0.9998631636562672,0.0,0.0,0.9998631636562672
rlmN_H18Q,0.0,0.0,0,0.0,1.0,1,0.5,0.4747969065232011,0.522540753946819,"[[7307    1]
 [ 128    0]]",0.9998631636562672,0.0,0.0,0.9998631636562672
rlmN_N221H,0.0,0.0,0,0.0,1.0,3,0.4166666666666667,0.47482375891295575,0.7759709032531924,"[[7305    3]
 [ 128    0]]",0.9995894909688013,0.0,0.0,0.9995894909688013
rrl_G1155T,0.0,0.0,0,0.0,1.0,1,0.125,0.4748473436449227,0.1515198759506363,"[[7307    1]
 [ 128    0]]",0.9998631636562672,0.0,0.0,0.9998631636562672
rrl_G2333T,0.0,0.0,0,0.0,1.0,2,0.3125,0.4748439601829433,0.5742286191853899,"[[7306    2]
 [ 128    0]]",0.9997263273125342,0.0,0.0,0.9997263273125342
rlmN_fs_D69N,0.05825242718446602,0.040533243540515254,6,3.6560757140442792,0.008487105088082054,103,0.6439320388349515,0.47242465566616665,1.1727802525088712e-07,"[[7211   97]
 [ 122    6]]",0.9867268746579091,0.046875,0.046875,0.9867268746579091
rrl_G700A,0.0,0.0,0,0.0,1.0,1,0.5,0.4747969065232011,0.522540753946819,"[[7307    1]
 [ 128    0]]",0.9998631636562672,0.0,0.0,0.9998631636562672
rrl_G840T,0.0,0.0,0,0.0,1.0,1,0.25,0.4748305312710155,0.4318451385306583,"[[7307    1]
 [ 128    0]]",0.9998631636562672,0.0,0.0,0.9998631636562672
rrl_C827T,0.0,0.0,0,0.0,1.0,1,0.125,0.4748473436449227,0.1515198759506363,"[[7307    1]
 [ 128    0]]",0.9998631636562672,0.0,0.0,0.9998631636562672
rrl_T2231A,0.0,0.0,0,0.0,1.0,1,0.5,0.4747969065232011,0.522540753946819,"[[7307    1]
 [ 128    0]]",0.9998631636562672,0.0,0.0,0.9998631636562672
rrl_G2324T,0.0,0.0,0,0.0,1.0,1,0.5,0.4747969065232011,0.522540753946819,"[[7307    1]
 [ 128    0]]",0.9998631636562672,0.0,0.0,0.9998631636562672
rrl_A512C,0.0,0.0,0,0.0,1.0,1,0.25,0.4748305312710155,0.4318451385306583,"[[7307    1]
 [ 128    0]]",0.9998631636562672,0.0,0.0,0.9998631636562672
rrl_C1627G,0.0,0.0,0,0.0,1.0,2,0.25,0.47486077481840194,0.26619121688525516,"[[7306    2]
 [ 128    0]]",0.9997263273125342,0.0,0.0,0.9997263273125342
rrl_C2283A,0.0,0.0,0,0.0,1.0,1,0.25,0.4748305312710155,0.4318451385306583,"[[7307    1]
 [ 128    0]]",0.9998631636562672,0.0,0.0,0.9998631636562672
rlmN_fs_P63A,0.0,0.0,0,0.0,1.0,2,0.375,0.47482714554748456,0.9175694243923439,"[[7306    2]
 [ 128    0]]",0.9997263273125342,0.0,0.0,0.9997263273125342
rrl_T2346A,0.0,0.0,0,0.0,1.0,1,1.0,0.4747296570275723,0.10361358248174642,"[[7307    1]
 [ 128    0]]",0.9998631636562672,0.0,0.0,0.9998631636562672
rrl_G1819A,0.0,0.0,0,0.0,1.0,1,0.25,0.4748305312710155,0.4318451385306583,"[[7307    1]
 [ 128    0]]",0.9998631636562672,0.0,0.0,0.9998631636562672
rrl_C1943T,0.0,0.0,0,0.0,1.0,1,0.06,0.4748560860793544,0.07985363898820601,"[[7307    1]
 [ 128    0]]",0.9998631636562672,0.0,0.0,0.9998631636562672
rrl_T2240A,0.0,0.0,0,0.0,1.0,1,0.25,0.4748305312710155,0.4318451385306583,"[[7307    1]
 [ 128    0]]",0.9998631636562672,0.0,0.0,0.9998631636562672
rrl_A1861G,0.0,0.0,0,0.0,1.0,6,0.4583333333333333,0.4748135935397039,0.32463576990413523,"[[7302    6]
 [ 128    0]]",0.9991789819376026,0.0,0.0,0.9991789819376026
rrl_G2352C,0.0,0.0,0,0.0,1.0,1,0.5,0.4747969065232011,0.522540753946819,"[[7307    1]
 [ 128    0]]",0.9998631636562672,0.0,0.0,0.9998631636562672
rlmN_M104I,0.0,0.0,0,0.0,1.0,2,0.5,0.47479351627656713,0.3657129434609747,"[[7306    2]
 [ 128    0]]",0.9997263273125342,0.0,0.0,0.9997263273125342
rrl_C1026A,0.0,0.0,0,0.0,1.0,1,0.06,0.4748560860793544,0.07985363898820601,"[[7307    1]
 [ 128    0]]",0.9998631636562672,0.0,0.0,0.9998631636562672
rlmN_W288*,0.0,0.0,0,0.0,1.0,1,0.25,0.4748305312710155,0.4318451385306583,"[[7307    1]
 [ 128    0]]",0.9998631636562672,0.0,0.0,0.9998631636562672
rrl_G2940C,0.0,0.0,0,0.0,1.0,1,1.0,0.4747296570275723,0.10361358248174642,"[[7307    1]
 [ 128    0]]",0.9998631636562672,0.0,0.0,0.9998631636562672
rrl_A933T,0.0,0.0,0,0.0,1.0,1,0.5,0.4747969065232011,0.522540753946819,"[[7307    1]
 [ 128    0]]",0.9998631636562672,0.0,0.0,0.9998631636562672
rrl_C1111T,0.0,0.0,0,0.0,1.0,1,0.12,0.474848016139879,0.11279240024383701,"[[7307    1]
 [ 128    0]]",0.9998631636562672,0.0,0.0,0.9998631636562672
rrl_G1632T,0.0,0.0,0,0.0,1.0,1,0.5,0.4747969065232011,0.522540753946819,"[[7307    1]
 [ 128    0]]",0.9998631636562672,0.0,0.0,0.9998631636562672
rlmN_R263Q,0.0,0.0,0,0.0,1.0,1,0.25,0.4748305312710155,0.4318451385306583,"[[7307    1]
 [ 128    0]]",0.9998631636562672,0.0,0.0,0.9998631636562672
rrl_T891A,0.0,0.0,0,0.0,1.0,1,0.25,0.4748305312710155,0.4318451385306583,"[[7307    1]
 [ 128    0]]",0.9998631636562672,0.0,0.0,0.9998631636562672
rrl_G3064A,0.0,0.0,0,0.0,1.0,1,0.5,0.4747969065232011,0.522540753946819,"[[7307    1]
 [ 128    0]]",0.9998631636562672,0.0,0.0,0.9998631636562672
rlmN_N251S,0.0,0.0,0,0.0,1.0,5,0.236,0.47496097429686446,0.056092827770478665,"[[7303    5]
 [ 128    0]]",0.9993158182813355,0.0,0.0,0.9993158182813355
rrl_C212T,0.0,0.0,0,0.0,1.0,1,0.5,0.4747969065232011,0.522540753946819,"[[7307    1]
 [ 128    0]]",0.9998631636562672,0.0,0.0,0.9998631636562672
rrl_A2565C,0.0,0.0,0,0.0,1.0,1,0.5,0.4747969065232011,0.522540753946819,"[[7307    1]
 [ 128    0]]",0.9998631636562672,0.0,0.0,0.9998631636562672
rrl_A1075G,0.0,0.0,0,0.0,1.0,10,0.306,0.4750276057096688,0.042405952164065994,"[[7298   10]
 [ 128    0]]",0.9986316365626711,0.0,0.0,0.9986316365626711
rrl_C2180T,0.0,0.0,0,0.0,1.0,1,0.5,0.4747969065232011,0.522540753946819,"[[7307    1]
 [ 128    0]]",0.9998631636562672,0.0,0.0,0.9998631636562672
rlmN_fs_M1W,0.027918781725888325,0.02285405500765803,11,1.699917430987927,0.10699781755016155,394,0.6478807106598986,0.4651164441919909,3.786986677424571e-33,"[[6925  383]
 [ 117   11]]",0.9475916803503011,0.0859375,0.0859375,0.9475916803503011
rrl_G1361C,0.0,0.0,0,0.0,1.0,1,0.12,0.474848016139879,0.11279240024383701,"[[7307    1]
 [ 128    0]]",0.9998631636562672,0.0,0.0,0.9998631636562672
tsnR_N241K,0.0,0.0,0,0.0,1.0,1,1.0,0.4747296570275723,0.10361358248174642,"[[7307    1]
 [ 128    0]]",0.9998631636562672,0.0,0.0,0.9998631636562672
rrl_A2297G,0.0,0.0,0,0.0,1.0,3,0.35333333333333333,0.47484932059733626,0.785126559067417,"[[7305    3]
 [ 128    0]]",0.9995894909688013,0.0,0.0,0.9995894909688013
rrl_A2138T,0.0,0.0,0,0.0,1.0,1,0.25,0.4748305312710155,0.4318451385306583,"[[7307    1]
 [ 128    0]]",0.9998631636562672,0.0,0.0,0.9998631636562672
rrl_G625C,0.0,0.0,0,0.0,1.0,1,0.25,0.4748305312710155,0.4318451385306583,"[[7307    1]
 [ 128    0]]",0.9998631636562672,0.0,0.0,0.9998631636562672
rplC_R38C,0.0,0.0,0,0.0,1.0,2,0.375,0.47482714554748456,0.9175694243923439,"[[7306    2]
 [ 128    0]]",0.9997263273125342,0.0,0.0,0.9997263273125342
rlmN_T343A,0.0,0.0,0,0.0,1.0,1,1.0,0.4747296570275723,0.10361358248174642,"[[7307    1]
 [ 128    0]]",0.9998631636562672,0.0,0.0,0.9998631636562672
rrl_C1564A,0.0,0.0,0,0.0,1.0,1,0.25,0.4748305312710155,0.4318451385306583,"[[7307    1]
 [ 128    0]]",0.9998631636562672,0.0,0.0,0.9998631636562672
rrl_T1256G,0.0,0.0,0,0.0,1.0,1,0.25,0.4748305312710155,0.4318451385306583,"[[7307    1]
 [ 128    0]]",0.9998631636562672,0.0,0.0,0.9998631636562672
rrl_C1351A,0.0,0.0,0,0.0,1.0,2,0.375,0.47482714554748456,0.9175694243923439,"[[7306    2]
 [ 128    0]]",0.9997263273125342,0.0,0.0,0.9997263273125342
rrl_T2272G,0.0,0.0,0,0.0,1.0,1,1.0,0.4747296570275723,0.10361358248174642,"[[7307    1]
 [ 128    0]]",0.9998631636562672,0.0,0.0,0.9998631636562672
rrl_T2508A,0.0,0.0,0,0.0,1.0,1,0.06,0.4748560860793544,0.07985363898820601,"[[7307    1]
 [ 128    0]]",0.9998631636562672,0.0,0.0,0.9998631636562672
rrl_G2186T,0.0,0.0,0,0.0,1.0,1,1.0,0.4747296570275723,0.10361358248174642,"[[7307    1]
 [ 128    0]]",0.9998631636562672,0.0,0.0,0.9998631636562672
rrl_G216T,0.0,0.0,0,0.0,1.0,1,0.5,0.4747969065232011,0.522540753946819,"[[7307    1]
 [ 128    0]]",0.9998631636562672,0.0,0.0,0.9998631636562672
rrl_C867T,0.0,0.0,0,0.0,1.0,1,0.25,0.4748305312710155,0.4318451385306583,"[[7307    1]
 [ 128    0]]",0.9998631636562672,0.0,0.0,0.9998631636562672
rrl_G1717A,0.0,0.0,0,0.0,1.0,1,0.5,0.4747969065232011,0.522540753946819,"[[7307    1]
 [ 128    0]]",0.9998631636562672,0.0,0.0,0.9998631636562672
rrl_T2355G,0.0,0.0,0,0.0,1.0,1,0.25,0.4748305312710155,0.4318451385306583,"[[7307    1]
 [ 128    0]]",0.9998631636562672,0.0,0.0,0.9998631636562672
rrl_T1773G,0.0,0.0,0,0.0,1.0,1,0.5,0.4747969065232011,0.522540753946819,"[[7307    1]
 [ 128    0]]",0.9998631636562672,0.0,0.0,0.9998631636562672
tsnR_P85L,1.0,1.0682522304163616e-86,1,-1.0,0.017213555675094135,1,4.0,0.47432616005379963,0.06778160888130089,"[[7308    0]
 [ 127    1]]",1.0,0.0078125,0.0078125,1.0
tsnR_A29T,0.0,0.0,0,0.0,1.0,1,1.0,0.4747296570275723,0.10361358248174642,"[[7307    1]
 [ 128    0]]",0.9998631636562672,0.0,0.0,0.9998631636562672
rrl_G811A,0.0,0.0,0,0.0,1.0,1,1.0,0.4747296570275723,0.10361358248174642,"[[7307    1]
 [ 128    0]]",0.9998631636562672,0.0,0.0,0.9998631636562672
rrl_G1968T,0.0,0.0,0,0.0,1.0,1,0.5,0.4747969065232011,0.522540753946819,"[[7307    1]
 [ 128    0]]",0.9998631636562672,0.0,0.0,0.9998631636562672
rrl_G1862T,0.0,0.0,0,0.0,1.0,1,0.25,0.4748305312710155,0.4318451385306583,"[[7307    1]
 [ 128    0]]",0.9998631636562672,0.0,0.0,0.9998631636562672
rrl_G1074A,0.0,0.0,0,0.0,1.0,1,1.0,0.4747296570275723,0.10361358248174642,"[[7307    1]
 [ 128    0]]",0.9998631636562672,0.0,0.0,0.9998631636562672
rrl_C1564T,0.0,0.0,0,0.0,1.0,1,0.5,0.4747969065232011,0.522540753946819,"[[7307    1]
 [ 128    0]]",0.9998631636562672,0.0,0.0,0.9998631636562672
rrl_G1505C,0.0,0.0,0,0.0,1.0,1,0.5,0.4747969065232011,0.522540753946819,"[[7307    1]
 [ 128    0]]",0.9998631636562672,0.0,0.0,0.9998631636562672
rrl_A1899T,0.0,0.0,0,0.0,1.0,1,0.5,0.4747969065232011,0.522540753946819,"[[7307    1]
 [ 128    0]]",0.9998631636562672,0.0,0.0,0.9998631636562672
rrl_T1065G,0.0,0.0,0,0.0,1.0,1,0.25,0.4748305312710155,0.4318451385306583,"[[7307    1]
 [ 128    0]]",0.9998631636562672,0.0,0.0,0.9998631636562672
tsnR_L28F,1.0,1.0682522304163616e-86,1,-1.0,0.017213555675094135,1,4.0,0.47432616005379963,0.06778160888130089,"[[7308    0]
 [ 127    1]]",1.0,0.0078125,0.0078125,1.0
rrl_G461C,0.0,0.0,0,0.0,1.0,1,0.5,0.4747969065232011,0.522540753946819,"[[7307    1]
 [ 128    0]]",0.9998631636562672,0.0,0.0,0.9998631636562672
rrl_C612G,0.0,0.0,0,0.0,1.0,1,0.5,0.4747969065232011,0.522540753946819,"[[7307    1]
 [ 128    0]]",0.9998631636562672,0.0,0.0,0.9998631636562672
rrl_G435C,0.0,0.0,0,0.0,1.0,1,0.25,0.4748305312710155,0.4318451385306583,"[[7307    1]
 [ 128    0]]",0.9998631636562672,0.0,0.0,0.9998631636562672
rrl_T3007G,0.0,0.0,0,0.0,1.0,2,0.25,0.47486077481840194,0.26619121688525516,"[[7306    2]
 [ 128    0]]",0.9997263273125342,0.0,0.0,0.9997263273125342
rrl_C2029T,0.0,0.0,0,0.0,1.0,1,0.5,0.4747969065232011,0.522540753946819,"[[7307    1]
 [ 128    0]]",0.9998631636562672,0.0,0.0,0.9998631636562672
rrl_C1253T,0.0,0.0,0,0.0,1.0,1,0.5,0.4747969065232011,0.522540753946819,"[[7307    1]
 [ 128    0]]",0.9998631636562672,0.0,0.0,0.9998631636562672
rrl_C1093T,0.0,0.0,0,0.0,1.0,3,0.29,0.4748748822817167,0.31715614136586223,"[[7305    3]
 [ 128    0]]",0.9995894909688013,0.0,0.0,0.9995894909688013
rrl_T1245A,0.0,0.0,0,0.0,1.0,1,0.25,0.4748305312710155,0.4318451385306583,"[[7307    1]
 [ 128    0]]",0.9998631636562672,0.0,0.0,0.9998631636562672
rrl_G1035T,0.0,0.0,0,0.0,1.0,1,0.06,0.4748560860793544,0.07985363898820601,"[[7307    1]
 [ 128    0]]",0.9998631636562672,0.0,0.0,0.9998631636562672
rrl_C1988G,0.0,0.0,0,0.0,1.0,1,0.06,0.4748560860793544,0.07985363898820601,"[[7307    1]
 [ 128    0]]",0.9998631636562672,0.0,0.0,0.9998631636562672
rrl_C1264A,0.0,0.0,0,0.0,1.0,1,0.25,0.4748305312710155,0.4318451385306583,"[[7307    1]
 [ 128    0]]",0.9998631636562672,0.0,0.0,0.9998631636562672
rrl_C2336G,0.0,0.0,0,0.0,1.0,1,0.12,0.474848016139879,0.11279240024383701,"[[7307    1]
 [ 128    0]]",0.9998631636562672,0.0,0.0,0.9998631636562672
rrl_T329A,0.0,0.0,0,0.0,1.0,1,0.25,0.4748305312710155,0.4318451385306583,"[[7307    1]
 [ 128    0]]",0.9998631636562672,0.0,0.0,0.9998631636562672
rrl_A1653G,0.0,0.0,0,0.0,1.0,1,0.5,0.4747969065232011,0.522540753946819,"[[7307    1]
 [ 128    0]]",0.9998631636562672,0.0,0.0,0.9998631636562672
rrl_A646G,0.0,0.0,0,0.0,1.0,1,0.25,0.4748305312710155,0.4318451385306583,"[[7307    1]
 [ 128    0]]",0.9998631636562672,0.0,0.0,0.9998631636562672
rrl_A2373C,0.0,0.0,0,0.0,1.0,1,0.06,0.4748560860793544,0.07985363898820601,"[[7307    1]
 [ 128    0]]",0.9998631636562672,0.0,0.0,0.9998631636562672
rrl_G1880T,0.0,0.0,0,0.0,1.0,1,0.25,0.4748305312710155,0.4318451385306583,"[[7307    1]
 [ 128    0]]",0.9998631636562672,0.0,0.0,0.9998631636562672
rrl_G798A,0.0,0.0,0,0.0,1.0,1,0.5,0.4747969065232011,0.522540753946819,"[[7307    1]
 [ 128    0]]",0.9998631636562672,0.0,0.0,0.9998631636562672
rrl_C1798A,0.0,0.0,0,0.0,1.0,1,0.5,0.4747969065232011,0.522540753946819,"[[7307    1]
 [ 128    0]]",0.9998631636562672,0.0,0.0,0.9998631636562672
tsnR_A122E,0.0,0.0,0,0.0,1.0,1,0.25,0.4748305312710155,0.4318451385306583,"[[7307    1]
 [ 128    0]]",0.9998631636562672,0.0,0.0,0.9998631636562672
rrl_A1480C,0.0,0.0,0,0.0,1.0,1,0.5,0.4747969065232011,0.522540753946819,"[[7307    1]
 [ 128    0]]",0.9998631636562672,0.0,0.0,0.9998631636562672
rrl_G2394C,0.0,0.0,0,0.0,1.0,1,0.12,0.474848016139879,0.11279240024383701,"[[7307    1]
 [ 128    0]]",0.9998631636562672,0.0,0.0,0.9998631636562672
rlmN_S318G,0.0,0.0,0,0.0,1.0,1,0.5,0.4747969065232011,0.522540753946819,"[[7307    1]
 [ 128    0]]",0.9998631636562672,0.0,0.0,0.9998631636562672
rrl_G478T,0.0,0.0,0,0.0,1.0,1,0.5,0.4747969065232011,0.522540753946819,"[[7307    1]
 [ 128    0]]",0.9998631636562672,0.0,0.0,0.9998631636562672
tsnR_I126V,0.0,0.0,0,0.0,1.0,3,0.4366666666666667,0.4748156868020988,0.5992669710637575,"[[7305    3]
 [ 128    0]]",0.9995894909688013,0.0,0.0,0.9995894909688013
rrl_G351T,0.0,0.0,0,0.0,1.0,1,0.25,0.4748305312710155,0.4318451385306583,"[[7307    1]
 [ 128    0]]",0.9998631636562672,0.0,0.0,0.9998631636562672
tsnR_A140V,0.0,0.0,0,0.0,1.0,1,0.5,0.4747969065232011,0.522540753946819,"[[7307    1]
 [ 128    0]]",0.9998631636562672,0.0,0.0,0.9998631636562672
rrl_G1643T,0.0,0.0,0,0.0,1.0,1,0.12,0.474848016139879,0.11279240024383701,"[[7307    1]
 [ 128    0]]",0.9998631636562672,0.0,0.0,0.9998631636562672
rrl_A1196C,0.0,0.0,0,0.0,1.0,1,0.25,0.4748305312710155,0.4318451385306583,"[[7307    1]
 [ 128    0]]",0.9998631636562672,0.0,0.0,0.9998631636562672
rlmN_P303L,0.5,0.010152499062940117,1,57.53543307086614,0.03413308020415775,2,2.25,0.4743227064837235,0.08116943576375513,"[[7307    1]
 [ 127    1]]",0.9998631636562672,0.0078125,0.0078125,0.9998631636562672
rrl_T1791A,0.0,0.0,0,0.0,1.0,1,0.5,0.4747969065232011,0.522540753946819,"[[7307    1]
 [ 128    0]]",0.9998631636562672,0.0,0.0,0.9998631636562672
rrl_G982A,0.0,0.0,0,0.0,1.0,9,0.2911111111111111,0.4750228894573852,0.09381473892282616,"[[7299    9]
 [ 128    0]]",0.9987684729064039,0.0,0.0,0.9987684729064039
rrl_G2361C,0.0,0.0,0,0.0,1.0,2,0.25,0.47486077481840194,0.26619121688525516,"[[7306    2]
 [ 128    0]]",0.9997263273125342,0.0,0.0,0.9997263273125342
rrl_T530G,0.0,0.0,0,0.0,1.0,1,0.12,0.4748480161398789,0.11279240024383701,"[[7307    1]
 [ 128    0]]",0.9998631636562672,0.0,0.0,0.9998631636562672
rplC_R79L,0.0,0.0,0,0.0,1.0,1,0.25,0.4748305312710155,0.4318451385306583,"[[7307    1]
 [ 128    0]]",0.9998631636562672,0.0,0.0,0.9998631636562672
rlmN_I193N,0.0,0.0,0,0.0,1.0,1,0.25,0.4748305312710155,0.4318451385306583,"[[7307    1]
 [ 128    0]]",0.9998631636562672,0.0,0.0,0.9998631636562672
rlmN_L160S,0.0,0.0,0,0.0,1.0,1,0.12,0.474848016139879,0.11279240024383701,"[[7307    1]
 [ 128    0]]",0.9998631636562672,0.0,0.0,0.9998631636562672
rlmN_V283F,0.0,0.0,0,0.0,1.0,2,0.5,0.47479351627656713,0.3657129434609747,"[[7306    2]
 [ 128    0]]",0.9997263273125342,0.0,0.0,0.9997263273125342
rrl_C1710T,0.0,0.0,0,0.0,1.0,1,0.25,0.4748305312710155,0.4318451385306583,"[[7307    1]
 [ 128    0]]",0.9998631636562672,0.0,0.0,0.9998631636562672
rrl_G2453A,0.0,0.0,0,0.0,1.0,1,0.25,0.4748305312710155,0.4318451385306583,"[[7307    1]
 [ 128    0]]",0.9998631636562672,0.0,0.0,0.9998631636562672
rrl_G2358C,0.0,0.0,0,0.0,1.0,1,1.0,0.4747296570275723,0.10361358248174642,"[[7307    1]
 [ 128    0]]",0.9998631636562672,0.0,0.0,0.9998631636562672
rlmN_L180P,0.0,0.0,0,0.0,1.0,1,0.5,0.4747969065232011,0.522540753946819,"[[7307    1]
 [ 128    0]]",0.9998631636562672,0.0,0.0,0.9998631636562672
rrl_C2392G,0.0,0.0,0,0.0,1.0,1,1.0,0.4747296570275723,0.10361358248174642,"[[7307    1]
 [ 128    0]]",0.9998631636562672,0.0,0.0,0.9998631636562672
rrl_C2588T,0.0,0.0,0,0.0,1.0,1,0.25,0.4748305312710155,0.4318451385306583,"[[7307    1]
 [ 128    0]]",0.9998631636562672,0.0,0.0,0.9998631636562672
rrl_A2365T,0.0,0.0,0,0.0,1.0,1,0.5,0.4747969065232011,0.522540753946819,"[[7307    1]
 [ 128    0]]",0.9998631636562672,0.0,0.0,0.9998631636562672
rrl_G330A,0.0,0.0,0,0.0,1.0,1,0.5,0.4747969065232011,0.522540753946819,"[[7307    1]
 [ 128    0]]",0.9998631636562672,0.0,0.0,0.9998631636562672
rrl_G1441C,0.0,0.0,0,0.0,1.0,1,0.25,0.4748305312710155,0.4318451385306583,"[[7307    1]
 [ 128    0]]",0.9998631636562672,0.0,0.0,0.9998631636562672
tsnR_M1V,0.0,0.0,128,-1.0,1.0,7436,0.4748002958579882,,,"[[   0 7308]
 [   0  128]]",0.0,1.0,1.0,0.0
rrl_A658T,0.0,0.0,0,0.0,1.0,1,0.12,0.474848016139879,0.11279240024383701,"[[7307    1]
 [ 128    0]]",0.9998631636562672,0.0,0.0,0.9998631636562672
rrl_G286T,0.0,0.0,0,0.0,1.0,1,0.06,0.4748560860793544,0.07985363898820601,"[[7307    1]
 [ 128    0]]",0.9998631636562672,0.0,0.0,0.9998631636562672
rplC_T41M,0.0,0.0,0,0.0,1.0,1,0.5,0.4747969065232011,0.522540753946819,"[[7307    1]
 [ 128    0]]",0.9998631636562672,0.0,0.0,0.9998631636562672
rrl_A2046C,0.0,0.0,0,0.0,1.0,2,0.25,0.47486077481840194,0.26619121688525516,"[[7306    2]
 [ 128    0]]",0.9997263273125342,0.0,0.0,0.9997263273125342
rlmN_N308D,0.0,0.0,0,0.0,1.0,5,0.65,0.47468241151931095,0.09357626715632263,"[[7303    5]
 [ 128    0]]",0.9993158182813355,0.0,0.0,0.9993158182813355
rrl_A646T,0.0,0.0,0,0.0,1.0,1,0.5,0.4747969065232011,0.522540753946819,"[[7307    1]
 [ 128    0]]",0.9998631636562672,0.0,0.0,0.9998631636562672
rplC_Y80C,0.5,0.010152499062940117,1,57.53543307086614,0.03413308020415775,2,1.25,0.47459174065106274,0.08425474106032989,"[[7307    1]
 [ 127    1]]",0.9998631636562672,0.0078125,0.0078125,0.9998631636562672
rlmN_S323G,0.0,0.0,0,0.0,1.0,1,0.5,0.4747969065232011,0.522540753946819,"[[7307    1]
 [ 128    0]]",0.9998631636562672,0.0,0.0,0.9998631636562672
tsnR_Y147C,0.009836065573770493,0.0050150562791235545,3,0.5567682119205298,0.4949717042268784,305,0.4444098360655738,0.47610012620950776,0.6887717699278306,"[[7006  302]
 [ 125    3]]",0.9586754241926656,0.0234375,0.0234375,0.9586754241926656
rrl_G1729A,0.0,0.0,0,0.0,1.0,1,0.25,0.4748305312710155,0.4318451385306583,"[[7307    1]
 [ 128    0]]",0.9998631636562672,0.0,0.0,0.9998631636562672
rlmN_A355R,0.0,0.0,0,0.0,1.0,1,0.5,0.4747969065232011,0.522540753946819,"[[7307    1]
 [ 128    0]]",0.9998631636562672,0.0,0.0,0.9998631636562672
rrl_A979C,0.0,0.0,0,0.0,1.0,1,0.06,0.4748560860793544,0.07985363898820601,"[[7307    1]
 [ 128    0]]",0.9998631636562672,0.0,0.0,0.9998631636562672
rrl_A1038G,0.0,0.0,0,0.0,1.0,1,0.5,0.4747969065232011,0.522540753946819,"[[7307    1]
 [ 128    0]]",0.9998631636562672,0.0,0.0,0.9998631636562672
rrl_A1433C,0.0,0.0,0,0.0,1.0,5,0.45,0.4748169829094334,0.4279159462923412,"[[7303    5]
 [ 128    0]]",0.9993158182813355,0.0,0.0,0.9993158182813355
rrl_C1456T,0.0,0.0,0,0.0,1.0,1,0.125,0.4748473436449227,0.1515198759506363,"[[7307    1]
 [ 128    0]]",0.9998631636562672,0.0,0.0,0.9998631636562672
rrl_G1955A,0.0,0.0,0,0.0,1.0,1,0.125,0.4748473436449227,0.1515198759506363,"[[7307    1]
 [ 128    0]]",0.9998631636562672,0.0,0.0,0.9998631636562672
rrl_C637G,0.0,0.0,0,0.0,1.0,49,0.6428571428571429,0.47368552863137947,6.426962237162288e-08,"[[7259   49]
 [ 128    0]]",0.9932950191570882,0.0,0.0,0.9932950191570882
rrl_C3053T,0.0,0.0,0,0.0,1.0,1,0.25,0.4748305312710155,0.4318451385306583,"[[7307    1]
 [ 128    0]]",0.9998631636562672,0.0,0.0,0.9998631636562672
tsnR_R5C,0.0,0.0,0,0.0,1.0,1,0.25,0.4748305312710155,0.4318451385306583,"[[7307    1]
 [ 128    0]]",0.9998631636562672,0.0,0.0,0.9998631636562672
rrl_G1122C,0.0,0.0,0,0.0,1.0,1,0.03,0.47486012104909214,0.06670237477053458,"[[7307    1]
 [ 128    0]]",0.9998631636562672,0.0,0.0,0.9998631636562672
rrl_G36A,0.0,0.0,0,0.0,1.0,1,0.06,0.4748560860793544,0.07985363898820601,"[[7307    1]
 [ 128    0]]",0.9998631636562672,0.0,0.0,0.9998631636562672
rrl_A2317G,0.0,0.0,0,0.0,1.0,1,0.5,0.4747969065232011,0.522540753946819,"[[7307    1]
 [ 128    0]]",0.9998631636562672,0.0,0.0,0.9998631636562672
rrl_C1698T,0.0,0.0,0,0.0,1.0,2,0.56,0.47477737422652677,0.9765501696850383,"[[7306    2]
 [ 128    0]]",0.9997263273125342,0.0,0.0,0.9997263273125342
rplC_V97I,0.0,0.0,0,0.0,1.0,10,0.453,0.4748296525720442,0.2144933344946095,"[[7298   10]
 [ 128    0]]",0.9986316365626711,0.0,0.0,0.9986316365626711
rrl_A518T,0.0,0.0,0,0.0,1.0,1,0.5,0.4747969065232011,0.522540753946819,"[[7307    1]
 [ 128    0]]",0.9998631636562672,0.0,0.0,0.9998631636562672
rrl_C1822T,0.06666666666666667,0.0081948866270412,1,4.102362204724409,0.2294872804342299,15,0.44166666666666665,0.4748672685621884,0.4814342229562141,"[[7294   14]
 [ 127    1]]",0.9980842911877394,0.0078125,0.0078125,0.9980842911877394
rlmN_L231R,0.0,0.0,0,0.0,1.0,1,0.5,0.4747969065232011,0.522540753946819,"[[7307    1]
 [ 128    0]]",0.9998631636562672,0.0,0.0,0.9998631636562672
rrl_C1960T,0.0,0.0,0,0.0,1.0,2,0.375,0.47482714554748456,0.9175694243923439,"[[7306    2]
 [ 128    0]]",0.9997263273125342,0.0,0.0,0.9997263273125342
rrl_C2179T,0.0,0.0,0,0.0,1.0,1,0.12,0.4748480161398789,0.11279240024383701,"[[7307    1]
 [ 128    0]]",0.9998631636562672,0.0,0.0,0.9998631636562672
rrl_G1566T,0.0,0.0,0,0.0,1.0,1,0.25,0.4748305312710155,0.4318451385306583,"[[7307    1]
 [ 128    0]]",0.9998631636562672,0.0,0.0,0.9998631636562672
rrl_G27C,0.0,0.0,0,0.0,1.0,1,0.12,0.474848016139879,0.11279240024383701,"[[7307    1]
 [ 128    0]]",0.9998631636562672,0.0,0.0,0.9998631636562672
rrl_C1730T,0.0,0.0,0,0.0,1.0,1,0.25,0.4748305312710155,0.4318451385306583,"[[7307    1]
 [ 128    0]]",0.9998631636562672,0.0,0.0,0.9998631636562672
rrl_G718A,0.0,0.0,0,0.0,1.0,1,0.25,0.4748305312710155,0.4318451385306583,"[[7307    1]
 [ 128    0]]",0.9998631636562672,0.0,0.0,0.9998631636562672
tsnR_S234P,0.0,0.0,0,0.0,1.0,5,0.5,0.47478334006190287,0.15253122854981888,"[[7303    5]
 [ 128    0]]",0.9993158182813355,0.0,0.0,0.9993158182813355
rrl_C1618G,0.0,0.0,0,0.0,1.0,1,0.25,0.4748305312710155,0.4318451385306583,"[[7307    1]
 [ 128    0]]",0.9998631636562672,0.0,0.0,0.9998631636562672
rrl_A1979G,0.0,0.0,0,0.0,1.0,1,0.5,0.4747969065232011,0.522540753946819,"[[7307    1]
 [ 128    0]]",0.9998631636562672,0.0,0.0,0.9998631636562672
rlmN_S199F,0.0,0.0,0,0.0,1.0,4,0.75,0.4746521797631862,0.023338558308798604,"[[7304    4]
 [ 128    0]]",0.9994526546250684,0.0,0.0,0.9994526546250684
rrl_G1375T,0.0,0.0,0,0.0,1.0,2,0.375,0.47482714554748456,0.9175694243923439,"[[7306    2]
 [ 128    0]]",0.9997263273125342,0.0,0.0,0.9997263273125342
rlmN_P248A,0.0,0.0,0,0.0,1.0,2,0.25,0.47486077481840194,0.26619121688525516,"[[7306    2]
 [ 128    0]]",0.9997263273125342,0.0,0.0,0.9997263273125342
rrl_G842A,0.0,0.0,0,0.0,1.0,1,0.25,0.4748305312710155,0.4318451385306583,"[[7307    1]
 [ 128    0]]",0.9998631636562672,0.0,0.0,0.9998631636562672
rrl_G665A,0.0,0.0,0,0.0,1.0,1,0.06,0.4748560860793544,0.07985363898820601,"[[7307    1]
 [ 128    0]]",0.9998631636562672,0.0,0.0,0.9998631636562672
rrl_A784G,0.0,0.0,0,0.0,1.0,1,0.125,0.4748473436449227,0.1515198759506363,"[[7307    1]
 [ 128    0]]",0.9998631636562672,0.0,0.0,0.9998631636562672
rrl_C241T,0.5,0.010152499062940117,1,57.53543307086614,0.03413308020415775,2,1.25,0.47459174065106274,0.08425474106032989,"[[7307    1]
 [ 127    1]]",0.9998631636562672,0.0078125,0.0078125,0.9998631636562672
rrl_C437A,0.0,0.0,0,0.0,1.0,1,0.125,0.4748473436449227,0.1515198759506363,"[[7307    1]
 [ 128    0]]",0.9998631636562672,0.0,0.0,0.9998631636562672
rrl_C2005T,0.0,0.0,0,0.0,1.0,1,0.25,0.4748305312710155,0.4318451385306583,"[[7307    1]
 [ 128    0]]",0.9998631636562672,0.0,0.0,0.9998631636562672
rrl_T2434C,0.0,0.0,0,0.0,1.0,1,0.5,0.4747969065232011,0.522540753946819,"[[7307    1]
 [ 128    0]]",0.9998631636562672,0.0,0.0,0.9998631636562672
rlmN_R57L,0.0,0.0,0,0.0,1.0,1,0.25,0.4748305312710155,0.4318451385306583,"[[7307    1]
 [ 128    0]]",0.9998631636562672,0.0,0.0,0.9998631636562672
rrl_G1691A,0.0,0.0,0,0.0,1.0,1,0.5,0.4747969065232011,0.522540753946819,"[[7307    1]
 [ 128    0]]",0.9998631636562672,0.0,0.0,0.9998631636562672
rrl_G1098A,0.0,0.0,0,0.0,1.0,1,0.25,0.4748305312710155,0.4318451385306583,"[[7307    1]
 [ 128    0]]",0.9998631636562672,0.0,0.0,0.9998631636562672
rrl_G2353A,0.0,0.0,0,0.0,1.0,4,0.34375,0.4748708288482239,0.6378924351662314,"[[7304    4]
 [ 128    0]]",0.9994526546250684,0.0,0.0,0.9994526546250684
rrl_G959C,0.0,0.0,0,0.0,1.0,1,1.0,0.4747296570275723,0.10361358248174642,"[[7307    1]
 [ 128    0]]",0.9998631636562672,0.0,0.0,0.9998631636562672
rlmN_R40Q,0.0,0.0,0,0.0,1.0,1,0.25,0.4748305312710155,0.4318451385306583,"[[7307    1]
 [ 128    0]]",0.9998631636562672,0.0,0.0,0.9998631636562672
rrl_T1602G,0.0,0.0,0,0.0,1.0,1,0.5,0.4747969065232011,0.522540753946819,"[[7307    1]
 [ 128    0]]",0.9998631636562672,0.0,0.0,0.9998631636562672
rrl_C757G,0.0,0.0,0,0.0,1.0,1,0.12,0.474848016139879,0.11279240024383701,"[[7307    1]
 [ 128    0]]",0.9998631636562672,0.0,0.0,0.9998631636562672
rrl_C2919T,0.0,0.0,0,0.0,1.0,1,0.25,0.4748305312710155,0.4318451385306583,"[[7307    1]
 [ 128    0]]",0.9998631636562672,0.0,0.0,0.9998631636562672
rrl_G2385A,0.0,0.0,0,0.0,1.0,1,0.06,0.4748560860793544,0.07985363898820601,"[[7307    1]
 [ 128    0]]",0.9998631636562672,0.0,0.0,0.9998631636562672
rrl_C3053-,0.0,0.0,0,0.0,1.0,3,0.5,0.47479012511771834,0.2678755051001471,"[[7305    3]
 [ 128    0]]",0.9995894909688013,0.0,0.0,0.9995894909688013
rlmN_C87Y,0.0,0.0,0,0.0,1.0,1,0.25,0.4748305312710155,0.4318451385306583,"[[7307    1]
 [ 128    0]]",0.9998631636562672,0.0,0.0,0.9998631636562672
rrl_T2564A,0.0,0.0,0,0.0,1.0,1,0.25,0.4748305312710155,0.4318451385306583,"[[7307    1]
 [ 128    0]]",0.9998631636562672,0.0,0.0,0.9998631636562672
tsnR_S80P,0.0,0.0,0,0.0,1.0,6,0.5833333333333334,0.47471265141318975,0.04873906715723355,"[[7302    6]
 [ 128    0]]",0.9991789819376026,0.0,0.0,0.9991789819376026
rrl_T1521G,0.0,0.0,0,0.0,1.0,1,0.25,0.4748305312710155,0.4318451385306583,"[[7307    1]
 [ 128    0]]",0.9998631636562672,0.0,0.0,0.9998631636562672
rrl_G1487A,0.0,0.0,0,0.0,1.0,1,0.5,0.4747969065232011,0.522540753946819,"[[7307    1]
 [ 128    0]]",0.9998631636562672,0.0,0.0,0.9998631636562672
rrl_C2380A,0.0,0.0,0,0.0,1.0,1,0.25,0.4748305312710155,0.4318451385306583,"[[7307    1]
 [ 128    0]]",0.9998631636562672,0.0,0.0,0.9998631636562672
rrl_G60A,0.0,0.0,0,0.0,1.0,1,1.0,0.4747296570275723,0.10361358248174642,"[[7307    1]
 [ 128    0]]",0.9998631636562672,0.0,0.0,0.9998631636562672
rrl_C1743T,0.0,0.0,0,0.0,1.0,1,0.25,0.4748305312710155,0.4318451385306583,"[[7307    1]
 [ 128    0]]",0.9998631636562672,0.0,0.0,0.9998631636562672
rrl_G1407C,0.0,0.0,0,0.0,1.0,1,0.125,0.4748473436449227,0.1515198759506363,"[[7307    1]
 [ 128    0]]",0.9998631636562672,0.0,0.0,0.9998631636562672
rrl_G780A,0.0,0.0,0,0.0,1.0,1,0.5,0.4747969065232011,0.522540753946819,"[[7307    1]
 [ 128    0]]",0.9998631636562672,0.0,0.0,0.9998631636562672
rrl_A179G,0.0,0.0,0,0.0,1.0,2,0.5,0.47479351627656713,0.3657129434609747,"[[7306    2]
 [ 128    0]]",0.9997263273125342,0.0,0.0,0.9997263273125342
rrl_T248G,0.0,0.0,0,0.0,1.0,1,1.0,0.4747296570275723,0.10361358248174642,"[[7307    1]
 [ 128    0]]",0.9998631636562672,0.0,0.0,0.9998631636562672
