,MIC
1,0.25
2,0.25
3,0.5
4,0.5
5,0.25
6,0.5
7,0.5
8,0.5
9,0.5
10,0.25
11,0.5
12,0.25
13,0.12
15,0.5
16,1.0
17,0.125
18,0.5
19,0.125
20,0.5
21,0.25
22,0.125
23,0.25
24,0.5
25,0.5
26,0.25
27,0.25
28,0.5
29,0.5
30,0.5
31,0.5
32,0.5
33,1.0
34,0.25
35,1.0
36,0.12
37,0.06
38,0.5
39,10.0
40,0.25
41,0.25
42,0.125
43,0.25
45,1.0
46,0.5
47,0.5
48,0.5
49,1.0
50,1.0
51,0.06
53,0.12
54,0.06
55,0.12
57,0.25
58,0.5
60,0.12
61,0.125
62,1.0
63,0.5
64,0.12
65,0.5
66,0.5
67,0.25
68,0.25
69,0.12
70,0.5
71,0.12
73,0.12
74,0.5
75,0.25
76,0.5
77,0.25
78,0.25
79,0.25
80,1.0
81,0.25
83,0.25
84,0.5
85,0.5
86,0.12
87,0.06
88,0.25
89,0.5
90,0.12
91,0.5
92,0.5
93,0.25
94,0.12
95,0.25
96,0.25
97,0.5
98,0.5
99,0.25
100,0.5
101,0.12
102,2.0
103,0.5
104,2.0
105,0.5
106,0.5
107,0.5
108,0.06
109,0.5
110,0.25
111,0.5
112,0.5
114,0.25
115,0.25
116,0.25
117,0.125
119,0.5
120,0.25
122,0.5
123,0.12
124,0.12
125,0.5
126,0.5
127,0.5
128,0.5
129,0.06
130,0.5
131,0.5
132,0.5
133,0.25
134,0.5
135,0.5
136,0.12
137,0.12
138,0.5
139,0.5
140,0.25
141,0.5
142,0.25
143,0.25
144,0.5
145,0.25
146,0.25
147,0.5
148,0.25
149,0.5
150,0.25
151,0.25
152,0.25
153,0.25
154,0.5
155,0.25
156,0.25
157,0.25
158,0.25
159,0.5
160,0.5
161,0.5
162,2.0
163,0.5
164,10.0
165,0.5
166,0.5
167,0.25
169,0.25
170,0.125
171,0.5
172,0.5
173,0.12
174,0.5
175,0.125
176,0.5
177,0.5
178,0.5
179,0.12
180,0.5
181,0.25
182,1.0
183,0.25
184,0.25
185,0.12
186,0.5
187,0.5
188,0.5
189,0.5
190,1.0
191,0.25
192,0.5
193,0.5
194,0.25
195,0.5
196,0.5
197,1.0
198,0.25
199,0.125
200,0.5
201,0.5
202,0.5
203,0.25
204,0.25
205,0.25
206,0.25
207,0.25
208,0.5
209,0.25
210,0.25
211,0.5
212,1.0
213,2.0
214,0.5
215,0.25
217,0.25
218,0.25
219,0.5
220,0.25
221,0.25
222,0.25
224,0.25
225,0.5
226,0.5
227,0.06
229,0.5
230,0.5
231,0.12
232,0.25
233,0.06
234,0.5
235,0.25
236,0.5
237,0.25
238,0.5
239,0.12
240,0.25
241,0.5
242,0.5
243,0.06
244,1.0
245,0.12
246,0.5
247,0.5
248,0.5
249,0.5
250,0.5
251,0.25
252,0.06
253,0.5
254,0.25
255,0.25
256,0.5
257,0.25
258,0.5
259,0.5
260,0.25
261,0.12
262,4.0
263,0.5
264,0.06
265,0.25
266,0.25
267,0.5
268,0.5
269,0.5
270,0.5
272,0.5
273,0.5
275,0.5
276,0.5
277,0.25
278,0.5
279,0.25
280,0.5
281,0.125
282,0.5
283,0.25
284,0.06
285,1.0
286,0.5
287,0.5
288,0.5
289,0.06
290,1.0
291,0.5
292,0.25
294,0.25
295,0.5
296,1.0
297,0.25
298,0.25
299,0.5
300,0.25
301,0.5
302,0.5
303,0.5
304,0.5
305,0.25
306,0.125
307,0.12
309,0.12
310,0.25
311,0.12
312,0.5
313,0.5
314,0.5
315,1.0
316,0.06
317,0.25
318,0.25
319,0.25
320,0.5
321,0.25
322,0.5
323,0.5
324,0.5
325,1.0
326,0.25
327,0.5
328,0.5
330,0.125
331,0.25
332,0.5
333,0.5
334,0.5
335,0.5
336,0.5
337,0.25
338,0.5
339,0.25
340,0.5
341,0.5
342,0.5
343,0.25
344,0.5
345,0.5
346,0.5
347,0.5
348,0.25
349,0.5
350,0.5
351,0.5
352,0.25
353,0.125
354,0.5
355,0.5
356,1.0
357,0.25
358,0.5
359,0.25
360,0.25
361,0.25
362,0.25
363,0.5
364,0.5
365,0.25
366,1.0
367,0.5
368,0.25
369,0.25
370,0.25
371,0.12
372,0.5
373,0.5
374,0.5
375,0.5
376,0.25
377,0.06
378,0.5
379,0.06
380,0.5
381,0.03
382,0.5
383,0.25
384,0.03
385,0.25
386,0.5
387,0.5
388,0.125
389,0.5
390,0.125
391,0.06
392,0.06
393,0.5
395,0.125
396,0.25
397,0.5
399,0.12
400,1.0
401,0.25
402,0.03
403,0.5
404,1.0
405,0.25
406,1.0
407,1.0
408,0.25
409,0.5
410,0.5
411,0.25
412,0.25
413,0.5
414,0.25
415,1.0
416,0.12
417,0.5
418,0.03
419,0.5
421,0.25
422,0.06
423,0.5
424,0.25
425,4.0
426,0.5
427,0.5
428,0.5
429,0.5
430,0.5
431,0.25
432,10.0
433,0.5
434,8.0
435,0.5
436,0.5
437,1.0
438,0.5
439,0.5
440,0.25
441,0.25
442,1.0
443,0.5
444,0.5
445,0.25
446,0.25
447,0.25
448,0.5
449,0.5
450,0.06
452,0.25
453,0.12
454,0.5
455,0.5
456,0.25
457,0.25
458,0.06
459,0.25
460,0.12
461,0.5
462,0.5
463,1.0
464,0.5
465,0.5
466,0.5
467,0.06
468,0.5
469,0.25
470,0.5
471,4.0
473,0.25
474,0.5
476,0.5
477,0.25
478,0.25
479,0.25
480,0.25
481,0.25
482,0.06
483,0.5
484,0.5
485,0.25
486,0.25
488,0.25
489,0.25
490,0.25
491,0.5
492,0.5
493,0.25
494,0.5
495,0.5
496,0.5
497,0.25
498,0.25
499,0.5
500,0.25
501,0.5
502,0.5
503,0.12
504,0.5
505,0.5
507,0.5
508,0.5
509,0.12
510,0.5
511,0.5
512,0.5
513,0.25
514,0.25
515,2.0
516,0.5
517,0.5
518,1.0
519,0.25
520,1.0
521,0.12
523,0.25
524,0.5
526,0.25
527,0.25
528,0.25
530,0.25
531,0.25
532,0.5
533,0.5
534,0.5
535,0.25
536,0.5
537,0.12
538,0.06
539,1.0
540,0.5
541,0.5
542,0.5
543,0.5
544,1.0
545,0.25
546,0.125
547,0.25
548,0.5
549,0.5
550,0.25
551,0.5
552,1.0
553,0.25
554,0.5
555,0.5
557,0.25
558,4.0
559,0.5
560,0.5
562,0.5
563,0.25
564,0.25
565,1.0
566,0.25
567,0.5
568,0.25
569,0.5
570,0.5
571,0.25
572,0.25
573,0.06
574,0.5
575,2.0
577,0.25
578,0.25
579,0.5
580,0.25
581,0.12
582,0.25
583,0.5
584,0.5
585,0.12
586,0.12
587,0.25
588,0.25
589,0.5
590,0.5
591,0.25
592,0.5
593,0.25
594,0.5
595,0.5
596,0.06
597,0.5
598,0.5
599,0.25
600,2.0
601,0.25
602,0.25
603,4.0
604,1.0
605,0.12
606,0.25
607,0.12
608,1.0
609,0.5
610,0.25
611,0.5
612,0.5
613,0.125
614,0.5
615,0.125
616,0.5
617,1.0
618,0.5
619,0.5
620,0.25
622,0.25
623,0.03
625,0.5
626,0.5
627,0.5
629,1.0
630,1.0
631,0.5
632,0.5
633,0.25
634,0.25
635,0.5
636,1.0
637,0.25
638,0.25
639,0.5
640,0.5
641,0.125
642,0.5
643,0.12
644,1.0
645,0.25
646,0.5
647,0.5
648,0.5
649,0.25
650,0.5
651,0.25
652,0.25
653,0.25
654,4.0
655,0.25
656,0.12
657,0.03
658,0.5
659,0.5
660,0.5
661,0.5
662,0.5
663,0.5
664,0.25
665,0.5
666,0.06
667,0.5
668,0.5
669,0.5
670,0.25
671,0.5
672,0.06
673,0.03
674,0.5
675,0.06
676,0.25
677,0.25
678,0.25
679,0.5
680,1.0
681,0.12
682,0.5
683,0.12
684,0.5
685,0.25
686,0.5
688,0.5
689,0.06
690,0.06
691,0.25
692,0.5
693,0.25
694,0.5
695,0.5
696,0.5
697,0.25
698,0.5
700,0.25
701,0.5
702,0.5
703,0.5
704,0.25
705,0.12
706,0.125
707,0.5
708,1.0
709,0.5
710,0.25
711,0.25
712,0.25
713,0.125
714,1.0
715,1.0
716,0.5
717,0.5
718,0.25
719,0.25
721,0.5
722,0.25
723,0.25
724,0.5
725,0.5
726,4.0
728,0.125
729,0.5
730,0.5
731,0.25
732,1.0
733,0.25
734,0.5
735,0.25
736,0.5
737,0.06
738,0.5
739,0.5
740,1.0
741,0.5
742,0.5
743,0.25
744,0.25
745,0.5
746,0.5
747,0.5
748,0.25
749,0.06
750,0.5
751,0.25
752,0.125
753,0.5
754,0.25
755,1.0
756,0.25
757,0.25
758,0.25
759,0.25
760,0.12
761,0.5
762,0.5
763,0.125
764,0.5
765,0.25
766,0.25
767,0.12
769,0.5
770,0.5
771,0.25
772,0.5
773,0.5
774,0.5
775,0.25
776,0.125
777,0.5
778,0.5
779,0.5
781,1.0
782,1.0
783,0.5
784,0.5
785,0.25
786,0.5
787,0.5
788,0.125
789,0.125
790,0.12
791,0.12
792,0.25
793,0.5
794,0.5
795,0.25
796,0.25
797,0.25
798,0.12
799,0.125
800,0.5
802,0.25
803,0.5
804,1.0
805,0.25
806,0.25
807,0.5
808,0.25
809,0.25
810,0.25
811,0.12
812,0.5
813,0.5
814,0.25
815,0.5
816,0.25
817,0.25
818,0.25
819,0.25
820,0.25
821,0.25
822,0.5
823,0.25
824,0.5
825,0.25
826,0.5
827,0.25
828,0.06
829,0.5
830,0.5
831,0.5
832,0.5
833,0.5
834,0.25
835,0.5
836,10.0
837,4.0
838,0.25
839,0.5
840,1.0
841,0.12
842,1.0
843,0.25
845,0.5
846,0.25
847,0.5
848,4.0
849,0.25
850,1.0
852,0.25
853,0.03
854,0.25
855,0.125
856,0.25
857,0.25
858,0.5
859,0.5
860,0.25
861,0.03
862,0.25
863,0.5
864,0.06
865,0.25
866,0.5
867,0.5
868,0.25
869,0.25
870,0.06
872,0.5
873,0.5
874,0.5
875,0.25
876,0.25
877,0.5
878,0.5
879,0.25
880,0.12
881,0.5
882,0.5
883,0.5
885,0.25
886,0.25
887,0.25
888,0.5
889,0.25
890,0.5
891,0.06
892,0.25
893,0.25
894,0.12
895,1.0
896,0.125
897,0.25
898,0.06
899,0.25
900,0.5
901,0.5
902,0.25
903,0.12
904,0.5
905,1.0
906,0.25
907,0.25
908,2.0
909,0.5
910,0.25
912,0.5
913,0.25
914,1.0
915,0.12
916,0.5
917,0.5
918,0.5
919,0.25
920,0.5
921,0.5
922,0.5
923,0.5
924,0.12
925,0.06
926,0.5
927,0.5
928,1.0
930,0.5
931,0.25
932,0.25
933,0.25
934,0.125
935,0.5
936,0.5
937,0.25
938,0.125
939,0.25
940,0.5
941,0.06
942,0.25
943,0.5
944,0.5
945,0.25
946,0.5
947,0.5
949,0.25
950,0.5
951,1.0
952,0.03
953,0.25
954,0.25
955,0.5
956,0.125
957,0.25
958,0.06
959,1.0
960,0.5
961,0.25
962,0.25
963,0.5
964,0.25
965,0.25
966,0.5
967,0.25
968,0.5
970,0.5
971,0.25
972,2.0
973,0.25
974,8.0
975,1.0
976,0.25
977,0.5
978,0.5
979,0.5
980,0.5
981,0.25
982,0.25
983,0.25
984,0.5
985,0.5
986,0.25
987,1.0
988,0.12
989,0.5
990,0.5
991,0.5
992,0.5
993,0.12
994,0.06
995,0.5
996,0.5
998,0.5
999,0.5
1000,0.5
1001,0.5
1002,0.5
1003,0.25
1004,0.5
1005,0.25
1006,0.5
1007,0.5
1008,0.25
1009,0.5
1010,0.5
1011,0.25
1012,0.5
1013,0.5
1014,0.5
1015,0.25
1016,0.5
1017,0.25
1018,0.5
1019,0.25
1020,0.25
1021,0.5
1022,0.125
1023,0.5
1024,0.25
1025,0.25
1026,0.25
1027,0.25
1028,0.125
1029,0.25
1030,0.06
1031,0.5
1032,0.25
1033,0.5
1035,0.03
1036,0.5
1037,0.5
1038,0.5
1039,1.0
1040,0.25
1041,0.25
1042,0.12
1043,0.06
1044,0.25
1045,0.5
1046,0.25
1047,0.5
1048,0.25
1049,0.5
1050,0.5
1051,0.5
1052,0.25
1053,0.5
1054,0.5
1055,0.5
1056,0.5
1057,0.125
1058,0.5
1059,1.0
1060,0.25
1061,0.5
1062,0.125
1064,0.5
1065,0.5
1066,0.5
1067,0.25
1068,0.5
1069,0.06
1070,0.25
1071,0.25
1072,0.12
1073,0.25
1075,0.25
1076,1.0
1077,0.5
1078,0.5
1079,0.25
1080,0.25
1081,1.0
1082,0.5
1083,0.5
1084,0.5
1085,0.25
1087,0.25
1088,0.12
1089,0.25
1090,0.25
1091,0.5
1092,0.25
1093,0.25
1094,0.5
1095,0.5
1096,0.5
1097,0.25
1098,0.5
1099,0.25
1100,0.25
1101,1.0
1102,0.5
1103,0.25
1104,0.25
1105,0.5
1106,0.5
1107,0.25
1108,0.5
1109,0.25
1110,0.25
1111,1.0
1112,0.25
1114,0.12
1115,0.25
1116,0.5
1118,0.5
1119,0.5
1120,0.5
1121,0.25
1122,0.06
1123,0.25
1124,0.5
1125,0.25
1126,0.5
1127,0.5
1128,0.25
1129,0.06
1130,0.5
1131,0.5
1132,0.12
1133,0.25
1134,0.5
1135,0.25
1136,0.5
1137,0.25
1138,0.5
1139,0.5
1140,0.25
1141,0.5
1142,0.12
1143,0.5
1144,0.5
1145,0.125
1146,0.5
1147,0.25
1148,0.25
1149,0.125
1150,1.0
1151,0.25
1152,0.125
1153,0.5
1154,0.25
1155,0.5
1156,0.5
1157,0.12
1159,0.25
1160,0.25
1161,0.12
1162,1.0
1163,0.25
1164,0.25
1165,0.5
1166,0.5
1169,0.5
1170,0.12
1171,0.06
1172,0.25
1173,0.5
1174,0.06
1175,0.25
1176,0.12
1177,0.25
1178,0.25
1179,0.25
1180,0.5
1181,0.5
1182,0.06
1183,0.5
1184,0.125
1185,0.25
1186,0.25
1187,0.5
1188,0.5
1189,0.25
1190,0.5
1191,0.5
1192,0.5
1193,0.5
1194,1.0
1195,0.25
1196,0.5
1197,0.12
1198,0.125
1199,0.25
1201,0.5
1202,0.5
1203,0.5
1204,0.5
1205,0.25
1206,1.0
1207,0.12
1208,0.5
1209,0.25
1210,0.5
1212,0.5
1213,0.25
1214,0.12
1215,0.25
1216,1.0
1217,0.25
1218,0.06
1219,0.5
1220,0.25
1221,0.5
1222,0.5
1223,0.5
1224,2.0
1225,0.5
1226,0.06
1227,0.06
1229,0.5
1231,0.25
1233,0.125
1234,1.0
1236,0.5
1237,0.5
1238,0.5
1239,0.25
1240,0.12
1241,0.5
1242,0.25
1243,0.25
1244,0.25
1245,0.5
1246,0.25
1247,0.12
1248,0.25
1249,0.5
1250,0.125
1251,0.25
1252,0.25
1253,0.5
1254,0.25
1255,0.12
1256,1.0
1257,0.5
1258,0.5
1259,0.5
1260,0.5
1261,0.5
1263,0.5
1264,1.0
1265,0.25
1266,0.25
1267,0.5
1268,0.25
1269,0.12
1270,0.5
1271,0.5
1272,2.0
1273,0.5
1274,0.5
1275,0.25
1276,0.125
1277,0.25
1278,0.5
1279,0.25
1280,0.25
1281,0.5
1282,0.25
1283,0.06
1284,0.5
1285,0.12
1286,0.5
1287,1.0
1288,0.5
1289,0.5
1290,0.5
1291,0.06
1292,0.5
1293,0.5
1294,0.25
1295,0.5
1296,0.5
1297,0.12
1298,0.5
1299,0.12
1300,0.06
1301,0.5
1302,0.25
1303,0.125
1304,0.5
1305,0.5
1306,0.25
1307,0.5
1308,0.25
1309,0.25
1310,0.125
1311,0.25
1312,0.5
1313,0.25
1314,0.5
1315,0.06
1316,0.5
1317,0.25
1318,0.25
1319,0.5
1320,0.25
1321,0.25
1322,0.25
1323,0.5
1324,0.25
1325,0.5
1326,0.5
1327,0.5
1328,0.5
1329,0.5
1330,0.25
1331,0.12
1332,0.5
1333,0.5
1334,1.0
1335,0.5
1336,1.0
1337,1.0
1338,0.5
1339,0.25
1340,0.06
1341,0.25
1342,0.125
1343,0.5
1344,0.5
1345,0.5
1346,0.25
1347,0.5
1348,0.5
1349,0.125
1351,0.25
1352,0.25
1353,1.0
1354,0.25
1356,0.5
1357,0.5
1358,0.25
1359,0.25
1360,0.5
1361,0.5
1362,1.0
1363,0.5
1364,0.5
1365,0.25
1366,0.5
1367,0.5
1368,0.5
1369,0.12
1370,0.25
1371,0.5
1372,0.5
1373,0.06
1374,0.12
1375,0.25
1377,10.0
1378,0.5
1379,0.25
1380,0.5
1381,0.5
1382,0.06
1383,0.25
1384,0.5
1385,0.5
1386,0.5
1387,0.5
1389,0.25
1390,0.25
1391,0.5
1392,0.5
1393,0.5
1394,0.25
1395,0.25
1396,0.5
1398,0.25
1399,0.25
1400,1.0
1401,0.25
1402,0.5
1403,0.25
1404,0.5
1405,0.5
1406,0.25
1407,1.0
1408,0.25
1409,0.25
1410,0.5
1411,0.5
1412,0.12
1413,0.5
1414,0.5
1415,0.25
1416,0.25
1417,0.25
1418,0.25
1419,0.5
1420,0.25
1421,0.5
1422,0.5
1423,0.12
1424,0.5
1425,0.25
1426,0.5
1427,0.25
1428,0.5
1429,0.25
1430,0.5
1431,0.5
1432,0.12
1433,0.5
1434,0.5
1435,0.5
1437,0.25
1438,0.03
1439,0.5
1440,0.5
1441,0.5
1442,0.25
1443,0.5
1444,0.5
1445,0.25
1446,0.5
1447,0.12
1448,0.5
1449,0.125
1450,0.25
1451,0.5
1452,0.5
1453,0.25
1454,0.06
1455,0.25
1456,0.5
1457,0.12
1459,0.5
1460,0.06
1461,0.5
1462,0.5
1463,0.5
1464,0.25
1465,0.06
1466,0.5
1467,0.25
1468,0.5
1470,0.25
1471,0.5
1472,0.5
1473,1.0
1474,0.5
1475,0.5
1476,0.5
1477,0.25
1478,0.25
1479,0.25
1480,0.25
1481,0.5
1482,0.25
1483,0.5
1484,0.5
1485,0.25
1486,0.5
1487,0.5
1488,0.5
1489,0.5
1490,0.25
1491,0.5
1492,0.5
1493,0.25
1494,0.25
1495,0.25
1496,0.12
1497,0.5
1498,0.5
1499,0.25
1500,0.5
1501,0.5
1502,0.5
1503,0.5
1504,0.12
1505,0.5
1506,0.25
1507,0.5
1508,1.0
1509,0.5
1510,0.5
1512,0.06
1513,0.12
1514,0.5
1515,0.25
1516,0.25
1517,0.25
1518,1.0
1519,0.25
1521,0.5
1522,0.25
1523,0.5
1524,0.06
1525,0.5
1526,0.125
1527,1.0
1528,0.5
1529,0.5
1530,0.25
1531,0.5
1532,0.5
1533,0.25
1534,0.25
1535,0.125
1536,0.25
1537,0.5
1538,1.0
1539,0.5
1540,0.5
1542,0.25
1543,0.12
1544,0.12
1545,0.5
1547,1.0
1548,0.5
1549,0.25
1550,0.25
1551,0.12
1552,0.12
1553,0.5
1554,0.25
1555,0.25
1556,0.12
1557,0.5
1558,0.25
1559,0.25
1560,1.0
1561,0.5
1562,0.125
1563,0.5
1564,0.5
1565,0.25
1566,0.25
1567,4.0
1568,0.5
1569,1.0
1570,0.5
1571,0.12
1572,0.5
1573,0.5
1574,0.12
1575,0.12
1576,0.5
1577,1.0
1578,0.5
1579,0.25
1580,0.25
1581,0.5
1582,0.5
1583,0.5
1584,0.25
1585,0.125
1586,0.25
1587,0.25
1588,0.25
1589,1.0
1590,0.5
1591,0.5
1592,0.25
1593,0.03
1594,0.5
1595,0.5
1596,0.5
1597,0.25
1598,0.06
1599,4.0
1600,0.12
1601,0.5
1602,1.0
1603,0.125
1604,0.5
1605,0.5
1606,0.25
1607,0.5
1608,0.5
1609,0.06
1610,0.25
1611,0.5
1612,0.25
1613,1.0
1614,0.5
1615,1.0
1616,0.25
1618,0.25
1619,1.0
1620,0.25
1621,0.5
1622,0.25
1623,0.25
1624,0.5
1625,0.25
1626,0.5
1627,1.0
1628,0.5
1629,0.5
1630,0.5
1631,0.12
1632,0.25
1633,0.5
1634,0.5
1635,0.25
1636,1.0
1638,0.25
1639,0.5
1640,0.25
1641,1.0
1642,0.5
1643,0.5
1644,0.25
1645,0.25
1646,0.25
1647,0.5
1648,0.03
1649,0.5
1650,0.5
1651,1.0
1652,0.25
1653,0.25
1654,0.5
1655,2.0
1656,0.25
1657,0.5
1658,0.5
1659,0.5
1660,0.5
1661,0.5
1662,1.0
1663,0.12
1664,0.06
1665,0.5
1666,0.5
1667,0.25
1668,0.25
1669,0.5
1670,0.25
1671,0.5
1672,0.5
1673,0.06
1674,0.5
1675,0.25
1676,0.5
1677,0.5
1678,0.125
1679,0.5
1680,0.25
1681,0.5
1682,0.25
1683,0.25
1684,0.125
1685,1.0
1686,0.5
1687,0.12
1688,0.12
1690,0.5
1691,0.5
1692,0.06
1693,0.06
1694,0.5
1695,0.5
1696,0.25
1697,0.25
1698,1.0
1699,0.25
1700,0.5
1701,0.125
1702,0.25
1703,0.5
1704,0.5
1705,0.5
1706,0.5
1707,0.5
1708,0.5
1709,0.25
1710,0.25
1711,0.25
1712,0.25
1713,0.25
1715,0.5
1716,0.5
1717,0.25
1718,0.5
1719,0.5
1720,1.0
1721,0.5
1723,0.5
1724,0.06
1725,0.25
1726,0.5
1727,0.12
1728,0.25
1729,1.0
1730,0.25
1731,0.5
1732,0.25
1733,0.5
1734,0.06
1735,0.25
1736,0.5
1737,0.5
1738,0.25
1739,0.25
1740,0.25
1741,0.5
1742,1.0
1743,0.5
1744,0.25
1745,0.5
1746,0.25
1747,0.5
1748,0.5
1749,0.25
1750,1.0
1751,0.5
1752,0.5
1753,0.25
1754,0.25
1755,0.25
1756,0.06
1757,0.06
1758,0.5
1759,0.5
1760,0.5
1761,0.5
1762,0.5
1763,0.25
1764,0.5
1765,0.5
1766,0.5
1767,0.5
1768,0.25
1769,0.25
1770,0.12
1771,0.5
1772,0.125
1773,0.5
1774,0.5
1775,1.0
1776,0.25
1777,0.25
1778,1.0
1779,0.12
1780,0.5
1781,1.0
1782,0.06
1783,0.25
1784,0.5
1785,0.5
1786,0.03
1787,1.0
1788,0.25
1789,0.25
1790,0.5
1791,0.5
1792,0.25
1793,0.25
1794,0.5
1795,0.5
1796,0.25
1797,0.5
1798,1.0
1799,0.5
1800,0.5
1801,0.12
1802,0.25
1803,0.25
1804,0.5
1805,0.5
1806,0.5
1807,1.0
1808,0.12
1809,0.25
1810,0.25
1811,0.5
1812,0.25
1813,0.25
1814,1.0
1815,0.5
1816,0.5
1817,0.25
1818,0.5
1819,0.5
1820,0.25
1821,1.0
1822,0.125
1823,0.5
1824,0.5
1825,0.5
1826,0.5
1827,0.5
1828,0.5
1829,0.125
1830,0.06
1831,0.25
1832,0.5
1833,0.5
1834,0.25
1835,0.5
1836,0.5
1837,0.5
1838,0.5
1839,0.25
1840,0.25
1842,0.5
1843,0.25
1844,0.5
1845,0.25
1846,0.25
1847,0.125
1848,1.0
1849,1.0
1850,0.5
1851,0.5
1853,0.25
1854,0.5
1855,0.25
1856,0.25
1857,0.25
1858,0.5
1859,0.25
1860,0.5
1861,0.25
1862,0.25
1863,0.5
1864,0.5
1865,0.5
1866,0.5
1867,0.5
1868,0.12
1869,0.5
1870,0.25
1871,0.5
1872,0.5
1873,0.5
1874,0.5
1875,0.25
1876,0.5
1877,0.25
1878,0.5
1879,0.25
1880,0.25
1881,0.5
1882,0.5
1883,0.5
1885,0.25
1887,0.25
1888,0.25
1889,0.06
1890,0.5
1891,0.5
1892,0.5
1893,0.25
1894,0.25
1895,0.25
1896,0.5
1897,0.12
1898,0.5
1899,0.12
1900,0.5
1901,0.5
1902,0.5
1903,0.5
1904,0.25
1905,0.5
1906,0.5
1907,0.5
1908,0.5
1909,0.25
1910,0.5
1911,0.06
1912,0.5
1913,0.25
1914,0.12
1915,0.5
1916,0.5
1917,0.5
1918,0.25
1919,1.0
1920,0.25
1921,0.25
1922,0.5
1923,0.5
1924,0.12
1925,0.5
1926,0.5
1927,0.5
1929,0.5
1930,1.0
1931,0.25
1932,0.5
1933,0.5
1934,0.5
1935,1.0
1936,0.5
1937,0.5
1938,0.5
1939,0.5
1940,0.06
1941,0.5
1942,0.5
1943,0.25
1944,0.25
1946,0.5
1947,0.25
1948,0.25
1949,0.5
1950,0.25
1952,0.5
1953,0.5
1954,0.5
1955,0.25
1956,1.0
1957,0.5
1958,0.25
1959,1.0
1960,0.25
1962,0.5
1963,0.25
1964,0.06
1965,0.5
1966,0.25
1967,0.25
1968,0.25
1969,0.5
1970,0.5
1972,0.5
1973,0.125
1974,0.125
1975,0.5
1976,0.25
1977,0.12
1978,0.06
1979,0.25
1980,0.25
1981,0.25
1982,0.5
1983,0.5
1984,0.5
1985,0.25
1986,2.0
1987,0.5
1988,0.5
1989,0.06
1990,0.25
1991,0.5
1992,0.5
1993,0.5
1994,0.5
1995,1.0
1996,0.5
1997,0.5
1998,0.5
1999,0.25
2000,0.5
2001,0.5
2002,0.5
2003,0.5
2004,2.0
2005,0.5
2006,0.06
2007,0.25
2008,0.5
2009,0.25
2010,8.0
2011,0.12
2012,0.5
2013,0.25
2014,0.25
2015,0.5
2016,0.5
2017,0.5
2018,0.25
2019,0.25
2020,0.5
2021,0.5
2022,0.06
2023,0.12
2024,0.5
2025,0.5
2026,0.12
2027,0.06
2028,0.25
2029,0.5
2030,0.25
2031,0.5
2032,0.5
2033,0.25
2034,0.25
2035,1.0
2036,0.5
2037,1.0
2039,0.5
2040,0.5
2041,1.0
2042,0.5
2043,0.25
2045,0.25
2046,0.25
2047,0.25
2048,0.5
2049,0.5
2050,0.25
2051,0.03
2052,0.25
2053,0.25
2054,0.25
2055,0.25
2056,0.5
2057,0.25
2058,0.25
2059,0.25
2060,0.25
2061,0.25
2062,0.25
2063,0.5
2064,0.5
2065,0.5
2066,0.5
2067,0.25
2068,0.12
2069,0.5
2070,0.25
2071,0.25
2072,0.125
2073,0.5
2074,0.25
2075,0.5
2076,0.5
2077,0.12
2078,0.5
2079,0.5
2081,0.25
2082,0.25
2084,0.5
2085,0.06
2086,0.25
2087,0.06
2088,0.5
2089,0.5
2091,0.5
2092,0.25
2093,0.5
2094,0.5
2095,0.25
2096,0.5
2097,0.5
2098,0.25
2099,0.25
2100,0.5
2101,0.5
2102,0.5
2103,0.5
2104,0.06
2106,0.5
2107,0.5
2108,0.25
2109,0.5
2110,0.5
2111,0.5
2112,0.5
2113,0.25
2114,1.0
2115,0.5
2116,0.25
2117,0.25
2118,0.5
2119,0.5
2120,0.5
2121,0.12
2122,0.5
2123,0.5
2124,0.5
2125,0.5
2126,0.06
2127,0.12
2128,0.12
2129,0.5
2130,2.0
2131,0.25
2132,0.5
2133,0.25
2134,0.5
2135,0.5
2136,0.25
2137,0.5
2138,0.5
2139,0.5
2140,0.5
2141,1.0
2142,0.5
2143,1.0
2145,0.5
2146,0.25
2147,0.5
2148,0.25
2149,0.06
2150,0.5
2151,0.25
2152,1.0
2153,1.0
2154,0.12
2155,0.5
2156,0.5
2157,0.5
2158,0.06
2159,0.25
2160,0.5
2161,0.25
2162,0.125
2163,0.25
2164,0.5
2165,0.25
2166,1.0
2167,0.5
2168,1.0
2169,0.125
2170,0.5
2171,0.25
2172,0.5
2173,0.5
2174,0.12
2175,0.25
2176,1.0
2177,0.5
2179,0.5
2180,0.06
2181,0.5
2182,0.125
2183,0.25
2184,0.5
2185,0.5
2186,0.25
2187,0.5
2188,0.5
2189,0.25
2190,0.25
2191,0.5
2192,0.25
2193,0.5
2194,0.25
2195,0.12
2196,0.5
2197,0.25
2198,0.5
2200,0.5
2201,0.5
2202,0.25
2203,0.125
2204,0.5
2205,0.5
2206,0.5
2207,0.25
2208,0.12
2209,0.5
2210,0.25
2211,0.25
2212,1.0
2213,0.5
2214,0.25
2215,0.25
2216,0.25
2217,0.25
2218,0.25
2219,0.25
2220,0.25
2222,2.0
2223,0.5
2224,0.25
2225,0.25
2226,0.12
2227,0.25
2228,0.25
2229,0.25
2230,0.25
2231,1.0
2232,0.5
2233,8.0
2234,1.0
2235,0.25
2236,0.25
2237,0.5
2238,0.5
2239,0.5
2240,0.5
2241,0.12
2242,0.06
2243,0.25
2245,0.25
2246,1.0
2247,0.5
2248,0.5
2249,0.25
2250,0.5
2251,0.5
2252,0.5
2253,0.25
2254,0.5
2255,0.12
2256,0.25
2257,0.25
2258,0.5
2259,0.5
2261,0.5
2262,0.125
2263,0.25
2264,0.5
2265,0.5
2266,0.25
2267,0.25
2268,0.5
2269,0.03
2271,0.5
2272,0.5
2273,0.5
2274,0.25
2275,0.5
2276,0.5
2277,0.5
2278,1.0
2279,0.5
2280,0.25
2281,4.0
2282,0.25
2283,0.25
2284,0.5
2285,10.0
2286,0.5
2287,0.5
2289,0.5
2290,0.5
2291,0.125
2292,0.5
2293,0.25
2294,0.25
2295,0.25
2296,0.06
2297,0.12
2298,1.0
2299,0.125
2301,0.25
2302,0.5
2303,0.25
2304,0.5
2305,0.5
2306,0.25
2307,0.25
2308,0.25
2309,0.25
2310,2.0
2311,0.5
2312,0.5
2313,0.06
2314,0.25
2315,0.5
2316,0.5
2317,0.5
2318,0.5
2319,0.06
2320,0.5
2321,0.125
2323,1.0
2324,1.0
2326,0.5
2327,0.25
2328,0.12
2329,0.125
2330,0.5
2331,0.5
2332,0.5
2333,0.03
2334,0.5
2335,0.5
2336,0.5
2337,0.5
2338,0.5
2339,0.125
2340,0.25
2341,0.25
2342,0.5
2343,0.25
2344,0.25
2345,0.25
2346,0.5
2347,0.5
2348,0.5
2349,0.25
2351,0.25
2352,0.25
2354,1.0
2355,0.5
2356,0.25
2357,0.5
2358,0.5
2359,0.03
2360,0.06
2361,0.5
2362,0.5
2363,0.5
2364,0.12
2365,0.06
2366,0.25
2367,0.5
2368,0.12
2369,0.5
2370,0.5
2371,0.25
2372,0.125
2373,0.25
2374,0.5
2375,0.5
2376,0.25
2377,0.5
2379,0.25
2381,0.5
2382,0.25
2384,0.5
2385,0.03
2386,0.12
2387,0.25
2388,0.12
2389,1.0
2390,0.5
2391,0.125
2392,0.25
2393,0.5
2394,0.25
2395,0.5
2396,0.25
2397,0.25
2398,0.5
2399,0.5
2400,0.5
2401,0.25
2402,0.25
2403,0.5
2404,0.5
2405,0.5
2406,0.125
2407,0.25
2408,0.25
2409,0.25
2410,0.25
2412,0.25
2413,0.25
2415,0.25
2416,0.5
2417,0.06
2418,0.5
2419,0.5
2420,0.5
2421,0.5
2422,1.0
2423,0.25
2424,0.25
2425,0.25
2426,0.25
2427,1.0
2428,0.25
2429,0.5
2430,0.25
2431,0.5
2432,0.5
2433,0.25
2434,0.5
2435,0.25
2436,0.25
2437,0.5
2438,0.25
2439,0.25
2441,0.5
2442,0.125
2443,0.5
2444,0.25
2445,0.5
2446,0.5
2447,0.125
2448,0.5
2449,0.5
2450,0.5
2451,1.0
2452,0.5
2453,0.5
2454,0.06
2455,0.25
2456,0.5
2457,0.03
2458,0.25
2459,0.5
2460,2.0
2461,0.5
2462,0.25
2463,0.25
2464,0.5
2465,0.5
2466,1.0
2467,0.5
2468,0.5
2469,0.25
2470,0.25
2471,0.25
2472,0.5
2473,0.5
2474,0.5
2475,0.125
2476,0.25
2477,0.5
2478,0.5
2479,0.25
2480,1.0
2481,0.125
2482,0.25
2483,0.5
2484,0.5
2485,1.0
2486,0.5
2487,1.0
2488,0.5
2489,0.25
2490,0.5
2491,0.5
2492,0.5
2493,0.5
2494,0.5
2495,0.125
2496,0.5
2497,0.25
2498,0.25
2499,0.12
2501,0.25
2502,0.5
2503,1.0
2504,0.25
2505,0.06
2506,1.0
2507,0.25
2508,0.5
2509,0.5
2510,1.0
2511,0.25
2512,0.5
2513,0.06
2514,0.125
2515,0.5
2516,0.5
2517,0.5
2518,0.5
2519,0.25
2520,0.12
2521,0.25
2522,0.25
2523,0.25
2524,0.5
2525,0.25
2528,0.5
2529,0.25
2530,0.25
2531,0.25
2532,0.25
2533,0.5
2534,0.5
2535,0.125
2537,0.125
2538,0.5
2539,0.25
2540,0.125
2541,0.25
2542,0.5
2543,0.25
2544,0.25
2545,0.5
2546,0.5
2547,0.5
2548,0.25
2549,0.12
2550,0.5
2551,0.5
2552,0.5
2553,0.5
2554,0.25
2555,0.25
2556,0.25
2557,1.0
2558,1.0
2559,1.0
2560,2.0
2561,0.5
2563,0.5
2564,0.5
2565,0.25
2566,3.0
2568,0.25
2569,0.5
2570,0.25
2571,0.5
2572,0.5
2573,0.25
2574,0.5
2575,0.5
2576,0.12
2577,0.5
2578,0.12
2580,1.0
2581,0.5
2582,0.25
2583,1.0
2584,0.5
2585,0.25
2586,0.5
2587,0.5
2588,0.25
2589,0.5
2590,0.5
2591,0.06
2593,0.5
2594,0.5
2595,0.5
2596,0.25
2597,1.0
2598,0.5
2599,0.25
2600,2.0
2601,0.25
2602,0.5
2603,0.5
2604,0.5
2605,0.06
2606,0.5
2607,0.5
2608,4.0
2609,0.125
2611,0.5
2612,0.5
2613,0.25
2614,0.06
2615,0.5
2616,0.25
2617,1.0
2618,0.03
2619,0.25
2620,0.12
2622,0.25
2623,0.5
2624,0.25
2625,0.25
2626,0.06
2627,0.25
2628,0.25
2629,0.25
2630,0.5
2631,0.25
2632,0.125
2633,0.5
2634,0.25
2636,0.5
2637,0.5
2638,0.25
2639,0.5
2640,0.25
2641,0.25
2642,0.5
2643,0.5
2644,0.25
2645,0.25
2646,0.25
2647,0.12
2648,0.5
2649,0.25
2650,0.5
2651,0.06
2652,0.5
2653,0.06
2654,0.25
2655,1.0
2656,0.5
2657,0.12
2658,0.5
2659,0.12
2660,0.5
2661,0.5
2662,0.5
2663,0.5
2664,0.5
2665,1.0
2666,0.5
2667,0.25
2668,0.5
2669,0.5
2670,0.25
2671,0.5
2672,0.25
2673,0.12
2674,0.25
2675,0.25
2676,0.25
2678,0.5
2679,0.25
2680,0.5
2681,0.5
2682,0.125
2683,0.5
2684,1.0
2685,0.25
2686,0.5
2687,0.25
2688,0.25
2689,0.25
2690,0.5
2691,0.03
2692,0.25
2693,0.5
2694,0.25
2695,0.5
2696,0.25
2697,0.5
2698,0.06
2699,0.5
2700,0.25
2701,0.5
2702,0.5
2703,0.06
2704,0.5
2705,0.12
2706,0.5
2707,0.5
2708,0.25
2709,0.25
2710,0.5
2711,0.5
2712,0.5
2713,0.25
2714,0.5
2715,0.5
2716,0.25
2717,0.12
2718,0.25
2719,0.25
2720,0.125
2721,0.25
2722,0.5
2723,0.5
2724,0.25
2725,0.5
2726,0.5
2727,0.5
2728,0.12
2729,0.25
2731,0.5
2732,0.5
2733,0.5
2734,2.0
2735,0.25
2736,0.5
2737,0.12
2739,1.0
2740,0.25
2741,0.5
2742,0.06
2743,1.0
2744,0.5
2745,0.25
2746,0.25
2747,0.25
2748,0.5
2749,0.5
2751,0.5
2752,0.5
2753,0.5
2754,0.25
2755,0.25
2756,0.5
2757,0.5
2759,0.25
2760,1.0
2761,0.03
2762,0.06
2763,0.25
2764,0.5
2765,0.25
2766,0.5
2767,0.5
2768,1.0
2769,0.5
2770,0.25
2771,0.25
2772,0.5
2774,0.25
2775,0.5
2776,0.25
2778,0.25
2779,0.25
2780,0.5
2781,0.5
2782,0.5
2783,0.25
2784,1.0
2785,0.5
2786,0.12
2787,0.5
2789,0.5
2791,0.12
2792,0.5
2794,0.25
2795,0.5
2796,0.25
2797,0.5
2798,1.0
2799,0.25
2800,0.12
2801,1.0
2802,0.12
2803,0.12
2804,0.125
2805,0.5
2806,0.06
2807,0.5
2808,0.25
2809,0.5
2810,0.5
2811,0.25
2812,0.5
2814,0.5
2815,0.5
2816,0.5
2817,0.5
2818,0.25
2819,4.0
2820,0.5
2821,0.25
2822,0.125
2823,0.25
2824,0.25
2825,0.5
2826,0.25
2827,0.25
2828,0.25
2829,0.12
2830,0.25
2831,0.25
2832,0.25
2833,0.5
2834,0.25
2835,0.25
2836,0.25
2837,0.25
2838,0.12
2839,0.25
2840,0.5
2842,0.5
2844,0.5
2845,0.5
2846,0.5
2847,0.25
2848,0.5
2849,1.0
2850,0.25
2851,0.5
2852,0.25
2853,0.5
2854,0.25
2855,1.0
2856,0.5
2857,0.25
2858,0.5
2859,0.25
2860,0.5
2862,0.25
2863,0.5
2864,1.0
2865,0.5
2866,0.25
2867,0.25
2868,4.0
2870,0.5
2871,0.125
2872,0.03
2873,0.12
2874,1.0
2875,0.25
2876,0.25
2877,0.5
2878,1.0
2879,0.5
2880,0.5
2881,0.5
2882,0.5
2883,0.25
2884,0.5
2885,0.125
2886,0.25
2887,0.5
2888,0.5
2889,0.25
2890,0.5
2892,0.5
2893,0.5
2894,0.5
2895,0.06
2896,0.5
2897,1.0
2898,0.5
2899,0.5
2900,0.5
2901,0.5
2902,0.5
2903,0.5
2904,0.5
2905,0.5
2906,0.25
2907,0.25
2909,0.06
2910,0.25
2911,0.25
2912,1.0
2913,0.25
2914,0.125
2915,0.5
2916,0.5
2917,0.06
2919,0.5
2920,0.5
2921,0.25
2922,0.5
2923,0.25
2924,1.0
2926,0.25
2927,0.25
2928,0.25
2929,0.5
2930,0.5
2931,0.06
2932,0.5
2933,0.5
2934,0.5
2935,0.25
2936,0.5
2937,0.25
2938,0.06
2939,0.5
2940,1.0
2941,0.06
2942,0.5
2943,0.5
2944,0.25
2945,0.25
2946,0.12
2947,0.5
2948,0.25
2949,0.5
2950,0.5
2951,0.25
2952,0.25
2953,0.5
2954,0.5
2955,0.25
2956,0.12
2957,0.25
2958,0.5
2959,0.5
2960,0.5
2961,0.5
2962,0.125
2963,0.25
2965,0.12
2966,0.25
2967,0.25
2968,0.5
2969,0.25
2970,0.5
2971,0.5
2972,1.0
2973,0.25
2974,0.125
2975,0.25
2976,4.0
2977,0.5
2978,0.5
2979,0.25
2980,0.5
2981,0.25
2982,0.5
2983,0.5
2984,0.25
2985,0.5
2986,0.06
2987,0.5
2988,0.5
2989,0.5
2990,0.25
2991,0.5
2992,0.12
2993,0.5
2994,0.5
2995,0.25
2996,0.5
2997,0.25
2998,0.5
2999,0.25
3000,0.25
3001,0.25
3002,0.25
3003,0.5
3004,1.0
3005,0.06
3006,0.25
3007,0.25
3008,0.5
3009,0.5
3010,0.12
3011,0.12
3012,0.25
3013,0.5
3014,0.25
3015,0.25
3016,0.5
3017,0.5
3018,0.25
3019,0.5
3020,0.5
3021,0.5
3022,0.25
3023,0.12
3024,0.5
3025,0.5
3027,0.5
3028,0.25
3029,0.03
3030,0.25
3031,0.25
3032,0.5
3033,0.5
3034,0.5
3035,0.5
3036,0.5
3037,0.25
3039,0.5
3040,0.06
3041,0.5
3042,0.5
3043,1.0
3044,0.5
3045,0.25
3046,0.25
3047,0.12
3048,0.25
3049,0.5
3050,0.5
3052,0.25
3053,1.0
3054,0.5
3055,0.5
3056,0.5
3057,0.25
3058,0.5
3059,0.25
3060,0.5
3062,1.0
3063,0.25
3064,1.0
3065,0.25
3066,0.25
3067,0.25
3068,0.5
3069,0.25
3070,0.25
3071,0.25
3072,0.25
3073,0.12
3074,0.5
3075,1.0
3076,0.5
3077,0.5
3078,0.5
3079,1.0
3080,1.0
3081,0.25
3082,0.5
3083,0.25
3084,0.5
3085,0.12
3086,0.5
3087,0.5
3088,0.25
3089,0.5
3090,0.5
3091,1.0
3092,0.25
3093,0.5
3094,0.25
3095,0.06
3096,0.5
3097,0.25
3098,0.5
3099,0.25
3100,0.25
3101,0.5
3102,0.5
3103,0.5
3104,1.0
3105,0.25
3106,0.25
3107,0.25
3108,0.25
3109,0.25
3110,0.25
3111,0.125
3112,0.5
3113,0.5
3114,0.5
3115,0.5
3116,0.25
3118,0.25
3119,0.5
3120,0.03
3121,0.25
3122,0.25
3123,0.03
3124,0.25
3125,0.12
3126,0.5
3127,0.5
3128,1.0
3129,0.5
3130,0.12
3131,0.12
3132,0.5
3133,0.5
3134,0.25
3135,0.25
3136,0.5
3137,1.0
3138,0.5
3139,0.25
3140,0.25
3141,0.5
3142,0.5
3143,0.06
3144,0.25
3145,0.25
3146,0.03
3147,0.25
3148,0.5
3149,0.5
3150,0.5
3151,0.25
3152,0.25
3153,0.5
3154,0.5
3155,0.25
3156,0.5
3157,0.5
3158,0.5
3159,0.25
3160,0.5
3161,0.25
3162,0.25
3163,0.5
3164,0.25
3165,0.25
3166,0.03
3167,0.25
3168,0.25
3169,0.5
3170,1.0
3171,0.5
3172,0.25
3173,0.5
3174,0.5
3175,0.5
3176,0.12
3178,0.25
3179,0.25
3180,0.5
3181,0.5
3182,0.5
3183,0.5
3184,0.25
3185,0.125
3186,0.25
3187,0.5
3188,0.5
3190,0.5
3191,0.5
3192,0.25
3193,0.5
3194,0.25
3195,0.5
3196,0.5
3197,0.5
3198,0.5
3199,0.25
3200,0.5
3201,0.5
3202,0.06
3203,0.25
3204,1.0
3205,0.12
3206,0.25
3207,0.5
3208,0.5
3209,0.25
3210,1.0
3211,0.5
3212,2.0
3213,0.25
3214,0.5
3215,0.25
3216,0.5
3217,0.06
3218,0.5
3220,0.5
3221,0.5
3222,0.5
3223,1.0
3224,0.5
3225,1.0
3226,0.5
3227,0.5
3228,0.25
3229,0.12
3230,0.25
3231,0.25
3232,0.06
3233,0.5
3234,0.25
3235,0.25
3236,0.25
3237,0.25
3238,0.5
3239,0.5
3240,0.5
3242,0.25
3243,0.5
3244,0.5
3245,1.0
3246,1.0
3247,0.5
3248,0.25
3249,0.5
3250,0.25
3251,0.25
3252,1.0
3253,0.25
3254,0.25
3255,0.5
3256,1.0
3257,0.5
3258,0.5
3259,0.5
3260,1.0
3261,0.06
3262,0.5
3263,0.25
3264,0.5
3265,0.25
3267,0.25
3268,0.25
3269,0.5
3270,1.0
3271,0.5
3272,0.06
3273,0.5
3274,1.0
3275,0.5
3276,1.0
3277,0.12
3278,0.25
3279,0.25
3280,0.25
3281,0.12
3283,2.0
3284,0.5
3285,0.25
3287,0.25
3288,0.25
3289,0.25
3290,0.12
3291,0.25
3292,0.25
3293,0.25
3295,0.25
3296,1.0
3297,0.12
3298,1.0
3299,0.5
3300,0.5
3301,0.25
3302,0.12
3303,0.25
3304,0.125
3305,0.5
3306,1.0
3307,0.5
3308,0.5
3309,0.25
3310,0.5
3311,0.12
3312,0.25
3313,0.5
3314,0.5
3315,0.25
3316,0.5
3317,0.5
3318,1.0
3319,0.5
3320,0.25
3321,0.25
3322,0.03
3323,0.5
3324,0.5
3325,0.25
3326,0.5
3327,0.25
3328,0.25
3329,0.25
3330,0.25
3331,0.25
3332,0.5
3333,0.12
3334,0.25
3336,1.0
3337,0.25
3338,0.06
3339,0.25
3340,0.25
3341,0.12
3342,0.25
3343,0.5
3344,0.25
3345,0.25
3346,0.5
3347,2.0
3348,0.5
3349,0.25
3350,0.25
3351,0.5
3352,0.25
3353,0.5
3354,1.0
3355,0.25
3356,0.5
3357,0.5
3358,0.25
3359,0.5
3360,0.25
3361,0.25
3362,0.25
3363,0.5
3364,0.12
3365,0.5
3366,6.0
3367,0.5
3368,0.25
3369,0.06
3370,0.25
3371,0.5
3372,0.5
3373,0.5
3374,0.5
3376,0.5
3377,0.5
3378,0.25
3379,1.0
3380,0.5
3381,0.5
3383,10.0
3384,0.25
3385,1.0
3387,0.25
3388,0.5
3389,1.0
3390,0.25
3391,0.5
3392,0.5
3393,0.25
3396,0.5
3397,0.5
3398,0.25
3399,0.25
3400,0.5
3401,0.25
3402,0.5
3403,0.5
3405,0.25
3406,1.0
3407,0.125
3408,0.06
3409,0.5
3411,0.25
3412,0.03
3413,0.25
3414,0.5
3416,0.25
3417,0.5
3419,0.25
3420,0.06
3421,0.06
3422,0.5
3423,0.125
3424,0.5
3425,0.5
3426,0.5
3427,0.25
3428,0.5
3429,0.5
3430,0.5
3431,0.125
3432,0.25
3433,0.25
3434,0.125
3435,0.25
3436,0.12
3437,0.5
3438,0.5
3439,0.25
3440,0.125
3441,0.5
3442,0.5
3443,0.25
3445,0.5
3446,0.5
3447,0.25
3448,0.25
3450,0.5
3451,0.5
3452,0.5
3453,0.5
3454,0.25
3455,0.12
3456,0.25
3457,0.5
3458,0.25
3459,0.5
3460,1.0
3461,0.125
3462,0.12
3463,1.0
3464,0.06
3465,0.5
3466,0.125
3467,0.25
3468,0.25
3469,0.25
3470,0.12
3471,0.25
3472,0.5
3473,0.25
3474,0.25
3476,0.5
3477,1.0
3478,0.5
3479,0.12
3480,0.5
3481,0.5
3482,0.25
3483,0.5
3484,0.06
3485,0.25
3486,0.5
3487,0.25
3488,0.12
3489,1.0
3490,0.5
3491,0.5
3492,1.0
3493,0.06
3494,0.5
3495,0.12
3496,0.25
3497,0.5
3498,1.0
3500,0.25
3501,0.25
3502,0.5
3503,0.5
3504,0.5
3505,0.5
3506,0.5
3507,0.25
3508,0.5
3509,0.25
3510,0.25
3511,0.25
3513,0.5
3514,0.5
3516,4.0
3517,0.25
3518,0.5
3519,0.25
3520,0.25
3521,0.125
3522,0.25
3523,1.0
3524,0.5
3525,0.5
3526,0.5
3527,0.06
3528,0.5
3529,0.5
3530,0.12
3531,0.25
3532,0.5
3533,0.25
3534,0.5
3535,0.25
3536,0.5
3537,0.25
3538,0.5
3539,8.0
3540,0.25
3541,0.25
3542,0.25
3543,0.5
3544,0.12
3545,0.5
3547,0.5
3548,0.25
3549,0.5
3550,0.12
3551,0.25
3552,0.5
3553,0.5
3554,0.5
3555,0.5
3556,0.25
3557,0.25
3558,0.5
3559,0.5
3560,0.06
3561,1.0
3563,0.12
3565,0.12
3566,0.25
3567,0.5
3568,0.5
3569,0.5
3570,0.5
3571,0.03
3572,1.0
3573,0.5
3574,0.5
3575,0.5
3576,1.0
3577,0.12
3578,0.5
3579,0.5
3580,0.25
3581,0.06
3582,0.5
3583,0.5
3584,1.0
3585,0.5
3586,0.5
3587,0.25
3588,0.5
3589,0.5
3590,0.25
3591,0.25
3592,0.5
3593,0.5
3594,0.5
3595,0.5
3596,0.5
3597,0.12
3598,0.5
3599,0.5
3600,0.5
3601,0.5
3602,0.03
3603,0.5
3604,0.5
3605,0.5
3606,0.12
3607,0.5
3608,0.5
3609,0.125
3610,0.5
3611,0.12
3612,10.0
3613,1.0
3614,0.5
3615,0.5
3616,0.25
3617,0.5
3618,0.5
3619,0.5
3620,0.125
3621,0.5
3622,0.25
3623,10.0
3624,0.25
3625,0.5
3626,0.25
3628,0.5
3629,2.0
3630,1.0
3631,0.5
3632,0.5
3633,0.25
3634,0.5
3635,0.5
3636,0.12
3637,0.25
3638,0.12
3639,0.5
3640,0.25
3641,0.5
3642,0.5
3643,0.25
3644,0.25
3645,0.5
3646,0.5
3647,0.25
3648,0.5
3649,0.25
3650,0.5
3651,0.5
3652,0.5
3653,0.25
3654,0.25
3656,0.25
3657,0.5
3658,0.25
3659,0.25
3660,0.06
3661,0.5
3662,0.25
3663,0.25
3664,0.25
3666,0.125
3667,0.5
3668,0.5
3669,0.125
3670,0.5
3671,0.5
3672,0.06
3673,0.5
3674,1.0
3675,0.12
3676,0.25
3677,1.0
3678,0.25
3679,0.25
3680,0.5
3681,0.5
3682,0.5
3683,0.5
3684,0.5
3685,0.5
3686,0.25
3687,0.25
3688,0.25
3689,0.5
3690,0.5
3691,0.25
3692,1.0
3693,0.12
3694,0.25
3695,0.25
3697,0.25
3698,0.25
3699,0.5
3700,0.25
3701,0.25
3702,0.5
3703,0.5
3704,0.5
3705,0.25
3706,0.25
3707,0.12
3708,0.03
3709,0.125
3710,0.5
3711,0.5
3712,0.25
3713,0.25
3714,0.25
3715,0.125
3716,0.5
3717,0.5
3718,0.25
3719,0.25
3720,0.5
3721,0.25
3722,0.03
3723,0.25
3724,0.25
3725,0.5
3726,0.12
3727,1.0
3728,0.5
3729,0.5
3730,0.25
3731,0.5
3732,0.03
3733,0.25
3734,0.5
3736,1.0
3737,0.5
3738,0.5
3739,0.12
3740,0.25
3741,0.25
3742,0.5
3743,1.0
3744,0.03
3745,0.5
3746,0.5
3747,0.5
3748,0.5
3749,0.5
3750,0.25
3751,0.5
3752,0.25
3753,0.25
3754,0.5
3755,0.25
3756,0.25
3757,0.25
3758,0.25
3759,0.25
3760,0.5
3761,0.12
3762,0.5
3763,1.0
3764,0.5
3767,0.25
3768,0.5
3769,0.5
3770,0.5
3771,0.03
3772,0.12
3773,0.5
3774,0.25
3775,0.5
3776,0.12
3777,0.25
3778,0.25
3779,0.25
3780,0.5
3781,0.25
3782,0.12
3783,0.25
3784,0.25
3785,0.5
3786,0.5
3787,2.0
3788,0.5
3789,0.25
3790,0.25
3791,0.5
3792,0.5
3793,0.25
3794,1.0
3795,0.5
3796,0.5
3797,0.5
3798,0.5
3799,0.25
3800,0.25
3801,0.5
3802,1.0
3804,0.5
3805,0.5
3806,0.25
3807,1.0
3808,0.125
3809,0.5
3810,1.0
3812,0.12
3813,0.25
3814,0.5
3815,0.25
3816,0.5
3817,0.25
3818,0.25
3819,0.5
3820,0.25
3821,0.5
3822,0.5
3823,0.5
3824,0.25
3825,1.0
3826,0.25
3827,0.25
3828,0.5
3829,1.0
3830,0.5
3831,0.5
3832,0.25
3833,0.25
3834,1.0
3835,1.0
3836,0.25
3837,0.5
3838,0.25
3839,0.25
3840,0.125
3841,0.5
3842,0.25
3843,1.0
3844,0.25
3845,0.25
3846,0.5
3847,0.06
3849,0.25
3850,0.5
3851,0.5
3852,1.0
3853,0.5
3854,0.25
3855,0.12
3856,0.5
3857,0.5
3859,1.0
3860,0.25
3861,0.06
3862,0.12
3863,0.25
3864,0.25
3865,0.5
3866,0.5
3867,0.5
3868,0.5
3869,0.5
3870,0.5
3871,0.25
3872,0.5
3873,0.5
3874,0.5
3875,0.5
3876,1.0
3877,0.25
3878,0.25
3879,0.5
3880,0.5
3881,1.0
3882,0.12
3883,0.5
3884,0.25
3885,0.5
3886,0.25
3887,0.25
3888,0.5
3889,0.5
3890,0.5
3891,0.5
3892,0.25
3893,0.25
3894,0.25
3895,0.5
3896,0.5
3897,0.5
3898,0.5
3899,0.5
3900,0.25
3901,0.5
3902,0.125
3903,1.0
3904,0.5
3905,0.5
3906,0.5
3907,0.25
3908,4.0
3909,0.5
3910,0.5
3911,0.5
3912,0.25
3913,0.5
3914,0.5
3915,0.5
3916,0.5
3917,0.5
3918,0.5
3920,1.0
3921,0.5
3922,0.12
3923,0.5
3924,0.25
3925,0.5
3926,1.0
3927,0.25
3928,0.25
3929,0.5
3930,0.25
3931,0.5
3932,0.5
3933,0.5
3934,0.25
3935,0.5
3936,0.5
3937,0.5
3938,0.25
3939,1.0
3940,0.25
3941,0.25
3942,0.5
3943,0.25
3944,0.5
3945,0.25
3946,0.25
3947,0.5
3948,0.5
3949,0.5
3950,0.12
3951,0.5
3952,0.5
3953,0.25
3954,0.5
3955,0.12
3956,0.25
3957,0.12
3958,0.5
3959,0.5
3960,0.5
3961,0.25
3963,0.25
3964,0.5
3966,1.0
3967,0.25
3968,0.5
3969,0.25
3970,0.5
3971,0.25
3972,0.25
3973,1.0
3974,0.25
3975,0.06
3976,0.5
3978,0.25
3980,0.25
3981,0.5
3982,0.5
3984,0.06
3985,0.5
3986,0.25
3987,6.0
3988,0.5
3989,0.25
3990,0.5
3991,1.0
3992,0.12
3994,0.06
3995,0.5
3996,0.06
3997,0.5
3999,0.25
4000,0.5
4001,0.125
4002,0.25
4003,0.25
4004,0.25
4005,1.0
4006,0.125
4007,0.06
4008,0.25
4009,0.5
4010,0.25
4011,0.5
4012,0.25
4014,0.5
4015,0.25
4016,0.5
4018,0.5
4019,0.25
4020,0.5
4021,0.5
4023,0.5
4024,0.25
4025,0.125
4026,0.5
4027,0.5
4028,0.5
4029,1.0
4030,0.12
4032,0.5
4033,4.0
4034,0.25
4035,0.12
4036,0.25
4037,0.5
4038,0.5
4039,0.25
4040,0.25
4041,0.5
4042,0.25
4043,0.25
4044,0.06
4045,0.5
4046,0.5
4047,1.0
4048,1.0
4049,0.5
4051,0.25
4052,0.5
4053,1.0
4054,0.25
4056,0.25
4057,0.5
4058,0.5
4059,0.25
4060,0.25
4061,0.5
4062,0.25
4063,0.25
4064,0.5
4065,0.5
4066,0.06
4067,0.25
4068,0.25
4069,0.12
4070,1.0
4071,0.5
4072,0.5
4073,1.0
4074,0.25
4075,0.25
4076,0.5
4077,0.5
4078,0.5
4079,0.5
4080,0.25
4081,0.12
4082,0.03
4083,0.25
4084,0.5
4085,0.25
4086,0.25
4087,1.0
4088,0.25
4089,0.25
4090,0.5
4091,0.5
4092,0.25
4093,0.5
4094,0.25
4095,1.0
4096,0.25
4097,0.25
4098,2.0
4099,0.5
4100,0.25
4101,0.5
4102,0.5
4103,0.5
4104,0.5
4105,0.5
4106,1.0
4107,0.25
4108,0.5
4109,0.25
4110,0.5
4111,0.5
4112,0.5
4113,0.5
4115,0.06
4116,0.5
4117,0.125
4118,0.06
4119,0.5
4120,0.5
4121,0.5
4122,0.25
4123,0.125
4124,0.5
4125,0.25
4126,0.5
4127,0.5
4128,0.125
4129,0.12
4130,0.5
4131,0.25
4132,0.5
4133,0.5
4134,0.25
4135,0.5
4136,0.25
4137,1.0
4138,0.25
4139,0.5
4140,0.25
4141,0.12
4142,0.06
4143,0.25
4144,0.25
4145,0.5
4146,0.25
4147,0.12
4148,0.25
4149,0.25
4150,0.5
4151,0.25
4152,0.5
4153,0.25
4154,1.0
4155,0.5
4156,0.5
4157,0.25
4158,0.25
4159,0.5
4160,0.5
4161,0.5
4162,0.5
4163,0.12
4164,0.25
4165,0.5
4166,0.5
4167,0.25
4168,0.25
4169,0.5
4171,1.0
4172,0.5
4173,0.25
4174,0.25
4175,0.5
4176,0.5
4177,0.12
4178,0.25
4179,1.0
4180,0.25
4181,1.0
4182,0.5
4184,0.25
4185,0.5
4186,0.5
4187,0.25
4188,2.0
4189,0.25
4190,0.5
4191,0.5
4192,0.5
4193,0.25
4194,0.25
4195,0.25
4196,0.25
4197,0.06
4199,0.25
4200,0.5
4201,0.06
4202,0.5
4203,0.125
4204,0.5
4205,0.5
4206,0.12
4208,0.5
4209,0.5
4210,0.25
4211,0.5
4212,0.5
4213,0.125
4214,0.125
4216,0.5
4217,0.5
4218,0.5
4219,0.25
4220,1.0
4221,0.25
4222,0.25
4223,0.25
4224,0.25
4225,0.03
4227,0.25
4228,0.12
4229,0.5
4230,0.25
4231,0.5
4232,0.06
4233,0.25
4234,0.12
4235,0.25
4236,0.25
4237,0.5
4238,0.25
4239,0.25
4240,0.25
4241,0.25
4242,0.5
4243,0.5
4244,0.25
4245,0.5
4246,0.25
4247,0.5
4248,2.0
4249,0.125
4250,0.5
4251,0.5
4252,1.0
4253,0.5
4254,0.5
4255,2.0
4256,0.5
4257,0.5
4258,0.25
4259,0.5
4260,0.25
4261,0.5
4263,0.25
4264,0.5
4265,0.5
4266,0.5
4267,0.5
4268,0.06
4269,0.5
4270,0.5
4271,0.25
4272,0.25
4273,0.06
4274,0.06
4275,0.125
4276,0.5
4277,0.5
4278,0.5
4279,0.25
4280,0.5
4281,0.12
4283,0.12
4284,0.25
4285,0.5
4286,0.25
4287,0.5
4288,0.5
4289,1.0
4290,0.125
4291,0.125
4292,0.25
4293,0.06
4294,0.25
4295,0.25
4296,0.5
4297,0.5
4298,0.25
4299,0.25
4300,0.25
4301,2.0
4302,0.5
4303,0.25
4304,0.5
4305,0.12
4306,0.5
4307,0.25
4308,0.5
4309,10.0
4310,0.5
4311,0.5
4312,1.0
4313,0.5
4314,0.5
4315,0.25
4317,0.5
4318,0.25
4319,0.25
4320,0.25
4321,0.5
4322,1.0
4323,0.125
4324,0.5
4325,0.25
4326,0.5
4327,1.0
4328,0.25
4329,0.25
4330,0.06
4331,0.25
4332,0.12
4333,0.06
4334,1.0
4336,0.25
4338,0.12
4339,0.5
4340,0.25
4341,0.5
4342,0.5
4343,1.0
4344,0.5
4345,0.25
4346,1.0
4347,0.25
4348,0.5
4349,0.5
4350,0.25
4351,0.25
4352,0.25
4353,0.5
4354,0.5
4355,0.25
4356,0.25
4357,0.5
4358,0.25
4359,0.5
4360,1.0
4361,0.25
4362,0.25
4363,0.25
4364,0.5
4366,0.5
4367,0.5
4368,0.06
4369,0.5
4370,0.25
4371,0.25
4372,0.5
4373,0.5
4374,0.06
4375,0.125
4376,0.25
4377,0.5
4378,0.25
4379,0.5
4380,0.25
4381,0.25
4383,0.5
4384,0.06
4385,0.5
4386,0.5
4387,0.5
4388,0.25
4389,0.5
4390,0.06
4391,0.5
4392,0.5
4393,0.25
4394,0.5
4396,0.5
4397,0.5
4398,0.5
4399,1.0
4400,0.5
4402,0.5
4403,0.5
4404,0.25
4405,0.25
4406,0.5
4407,0.25
4408,0.5
4409,0.25
4410,0.12
4411,0.5
4412,0.5
4413,0.5
4414,0.25
4415,0.5
4416,0.5
4417,4.0
4418,0.5
4419,0.5
4420,0.5
4421,0.5
4422,0.25
4423,0.5
4424,0.5
4425,0.5
4426,0.25
4427,0.5
4428,0.25
4429,1.0
4430,0.5
4431,0.5
4432,0.06
4433,0.125
4434,0.25
4436,0.5
4437,0.5
4438,0.5
4439,0.5
4440,0.5
4441,0.5
4442,0.5
4443,0.5
4444,0.5
4445,0.25
4446,0.5
4447,0.5
4448,0.25
4449,0.5
4451,0.5
4452,0.5
4453,0.12
4454,0.06
4455,0.25
4456,0.12
4457,0.5
4458,0.5
4459,0.25
4460,0.5
4461,0.5
4462,0.125
4463,2.0
4464,0.5
4465,0.5
4466,0.25
4467,0.5
4468,0.12
4469,0.25
4470,0.25
4471,0.25
4472,0.25
4473,0.5
4474,0.5
4476,0.5
4477,0.12
4478,1.0
4479,1.0
4480,0.12
4481,0.125
4483,0.125
4484,0.25
4485,0.25
4486,0.5
4487,0.25
4488,0.5
4489,0.25
4490,0.5
4491,1.0
4492,0.5
4493,0.25
4494,0.5
4495,0.5
4496,0.5
4497,0.5
4498,1.0
4499,0.25
4500,0.25
4501,1.0
4502,0.25
4503,1.0
4504,0.5
4505,0.5
4506,0.5
4507,0.5
4508,0.5
4509,0.5
4510,0.5
4511,0.25
4512,0.125
4513,0.5
4514,0.5
4516,0.25
4517,0.125
4518,0.25
4519,1.0
4520,0.25
4521,0.25
4522,0.25
4523,0.5
4524,0.25
4525,0.12
4526,1.0
4527,0.5
4528,0.25
4529,1.0
4530,0.125
4531,0.25
4532,0.5
4533,1.0
4534,0.5
4535,0.5
4536,1.0
4537,0.5
4538,0.25
4539,0.5
4540,0.5
4542,0.5
4543,1.0
4544,0.12
4545,0.25
4546,0.5
4547,0.25
4548,0.25
4549,0.25
4550,0.5
4551,0.5
4552,0.5
4553,0.5
4554,0.125
4555,0.5
4556,0.25
4557,0.5
4558,0.5
4559,1.0
4560,0.25
4561,0.125
4562,0.03
4563,0.5
4564,0.125
4565,0.12
4566,0.12
4567,0.5
4568,0.25
4569,0.12
4570,0.12
4571,0.5
4572,0.12
4573,0.12
4574,0.25
4575,0.5
4577,0.06
4578,0.5
4579,0.25
4580,0.5
4581,0.25
4582,0.5
4583,0.25
4584,1.0
4585,0.12
4586,1.0
4587,0.25
4588,0.5
4589,4.0
4590,0.25
4591,0.5
4592,0.5
4593,1.0
4594,0.25
4595,0.25
4596,0.25
4597,0.5
4598,0.25
4599,0.25
4600,0.25
4601,0.25
4602,0.5
4603,0.12
4604,1.0
4605,0.5
4607,0.5
4608,0.25
4609,0.5
4611,1.0
4612,0.25
4613,0.5
4614,0.25
4615,0.25
4616,0.25
4617,1.0
4618,0.125
4619,0.5
4620,1.0
4621,1.0
4622,0.12
4623,0.5
4624,0.5
4625,0.25
4626,0.25
4627,0.5
4628,0.5
4629,0.5
4630,0.5
4631,0.5
4632,0.25
4633,0.5
4634,0.12
4635,0.25
4636,0.25
4637,0.25
4638,0.5
4639,0.5
4641,0.5
4642,0.25
4643,0.5
4644,0.25
4645,1.0
4646,0.06
4647,0.12
4648,0.25
4649,0.5
4650,0.12
4651,0.5
4653,0.25
4654,10.0
4655,0.5
4656,0.12
4657,0.25
4658,0.5
4659,0.25
4661,0.25
4662,0.5
4663,0.5
4664,0.5
4665,0.25
4666,0.5
4667,0.5
4668,0.5
4669,0.25
4670,2.0
4671,0.25
4672,0.25
4673,1.0
4674,0.25
4675,0.25
4676,0.5
4677,0.06
4678,0.25
4679,0.25
4680,0.5
4681,0.5
4682,0.5
4683,0.5
4684,0.5
4685,0.25
4686,0.5
4687,0.25
4688,0.5
4689,0.25
4690,0.03
4692,0.5
4693,0.5
4694,1.0
4695,0.5
4696,0.5
4697,0.5
4698,0.5
4699,0.25
4700,0.5
4701,0.5
4702,0.25
4703,0.5
4704,1.0
4705,1.0
4706,0.25
4707,0.25
4708,0.12
4709,1.0
4710,0.125
4711,0.5
4712,0.5
4713,0.5
4714,0.06
4715,0.25
4716,0.06
4717,0.5
4719,0.5
4720,0.06
4721,0.5
4722,0.5
4723,0.25
4724,0.25
4725,0.25
4726,1.0
4727,0.5
4728,0.5
4729,0.25
4730,0.5
4731,0.25
4732,0.25
4733,0.5
4734,0.25
4735,0.5
4736,1.0
4737,0.25
4738,0.25
4739,0.25
4740,0.5
4741,0.5
4742,0.25
4743,0.25
4744,0.5
4745,0.5
4746,0.5
4747,0.5
4748,0.25
4749,0.5
4750,0.5
4751,1.0
4752,0.5
4753,0.5
4755,1.0
4756,0.5
4757,0.12
4758,0.25
4759,0.5
4760,0.25
4761,0.12
4762,0.5
4763,0.5
4764,0.25
4765,0.5
4766,0.12
4767,0.25
4768,0.25
4769,1.0
4770,0.25
4771,0.25
4772,0.25
4773,0.5
4774,0.06
4775,0.25
4776,0.5
4777,0.5
4778,0.5
4779,0.5
4780,0.5
4781,0.5
4782,0.25
4783,0.25
4784,0.25
4785,0.5
4786,0.25
4787,0.5
4788,0.12
4789,0.5
4791,0.25
4792,0.25
4793,0.25
4794,0.25
4795,0.5
4796,0.5
4797,0.25
4798,0.12
4800,0.25
4802,0.12
4803,0.5
4804,0.25
4806,0.25
4807,0.5
4808,0.25
4809,0.5
4810,0.5
4811,0.5
4812,0.5
4813,0.25
4815,0.06
4816,0.5
4817,1.0
4818,0.25
4819,0.25
4820,1.0
4821,0.5
4822,0.5
4823,0.5
4824,0.5
4825,0.25
4826,0.5
4827,0.5
4828,0.5
4829,0.25
4830,0.12
4831,0.25
4832,0.25
4833,0.25
4834,0.5
4835,0.5
4836,0.5
4837,0.5
4838,0.25
4839,0.5
4840,0.5
4841,0.5
4842,0.5
4843,0.5
4844,0.25
4845,1.0
4846,0.5
4847,0.5
4848,0.25
4849,0.25
4850,0.25
4851,0.25
4852,0.5
4853,0.25
4854,0.25
4855,0.25
4856,0.25
4857,0.25
4858,0.5
4859,1.0
4860,0.12
4861,0.5
4862,0.5
4863,0.5
4864,0.25
4865,0.5
4866,0.25
4867,0.12
4868,0.5
4869,0.5
4870,0.5
4871,0.5
4874,0.03
4875,2.0
4876,0.5
4877,0.5
4878,0.25
4879,0.25
4880,0.25
4881,0.25
4882,0.5
4883,0.25
4884,1.0
4885,0.06
4886,0.5
4887,0.03
4888,0.25
4889,0.5
4890,1.0
4891,0.5
4892,0.25
4894,0.25
4895,0.5
4898,0.5
4899,0.5
4900,0.5
4901,0.25
4902,0.5
4903,1.0
4904,0.5
4905,0.5
4906,0.5
4907,1.0
4908,0.25
4909,0.5
4910,0.25
4911,0.25
4912,0.03
4913,0.25
4914,0.25
4915,0.5
4916,0.25
4917,0.25
4918,0.25
4919,0.12
4920,0.5
4921,0.5
4922,0.5
4923,0.5
4924,0.25
4925,0.25
4926,0.25
4927,0.5
4928,0.25
4929,0.25
4930,0.5
4931,1.0
4932,0.5
4933,0.5
4934,0.25
4936,0.5
4939,0.5
4940,0.25
4941,0.5
4942,0.5
4943,0.25
4944,0.25
4945,0.5
4946,0.25
4947,0.5
4948,1.0
4949,0.5
4950,0.5
4951,0.25
4953,0.5
4954,0.25
4955,1.0
4956,0.5
4957,0.5
4959,0.25
4960,0.12
4961,1.0
4962,0.5
4963,0.25
4964,0.03
4965,0.5
4967,0.25
4968,0.25
4969,0.5
4970,0.25
4971,0.5
4972,0.25
4973,0.5
4974,0.25
4975,0.5
4976,0.06
4977,0.5
4978,1.0
4979,0.5
4980,0.25
4981,0.125
4982,0.5
4983,1.0
4984,1.0
4986,0.12
4987,0.25
4988,0.25
4989,0.5
4990,0.25
4991,0.25
4992,0.5
4993,2.0
4994,0.5
4995,0.5
4997,0.25
4998,0.5
4999,0.25
5000,0.5
5001,0.125
5002,0.25
5003,0.25
5004,1.0
5005,0.06
5006,0.5
5007,0.25
5008,0.25
5009,0.5
5010,1.0
5011,0.5
5012,0.5
5013,1.0
5014,1.0
5015,0.12
5016,0.25
5017,0.5
5019,0.5
5021,0.5
5022,0.5
5024,0.12
5026,0.5
5027,0.12
5028,0.25
5029,0.25
5030,0.125
5031,0.25
5032,0.06
5033,0.5
5034,0.12
5035,4.0
5036,1.0
5037,0.25
5038,0.25
5039,0.25
5040,0.25
5041,0.5
5042,0.25
5043,0.12
5044,0.5
5045,0.5
5046,0.25
5047,0.25
5048,4.0
5049,0.25
5050,0.12
5051,10.0
5052,0.25
5053,0.5
5054,0.25
5055,0.25
5056,0.25
5057,0.06
5058,0.12
5059,0.25
5060,1.0
5061,0.5
5062,0.5
5063,0.5
5065,0.25
5066,0.5
5067,0.5
5069,0.5
5070,0.25
5071,0.5
5072,0.25
5073,1.0
5074,0.5
5075,0.25
5076,0.25
5078,0.5
5079,0.5
5080,0.5
5081,1.0
5082,1.0
5083,0.25
5085,0.25
5086,0.5
5087,0.5
5088,0.25
5089,0.5
5090,0.5
5091,0.5
5092,0.25
5093,0.5
5094,0.25
5095,0.5
5096,0.25
5097,0.5
5098,8.0
5099,0.25
5100,0.5
5101,0.25
5103,0.5
5104,0.5
5105,0.5
5106,0.25
5107,0.5
5108,0.5
5109,0.25
5110,0.25
5111,1.0
5112,0.25
5113,0.5
5114,0.5
5115,0.5
5116,0.5
5117,0.5
5118,0.5
5119,1.0
5120,0.5
5121,0.25
5122,1.0
5123,0.06
5124,0.5
5125,0.25
5126,0.25
5127,0.5
5128,0.5
5129,0.25
5130,0.5
5131,0.5
5132,2.0
5133,0.5
5134,0.25
5135,0.5
5136,0.5
5137,0.12
5138,0.5
5139,0.25
5140,1.0
5141,0.5
5142,1.0
5143,0.125
5144,0.5
5145,1.0
5146,0.25
5147,0.5
5148,0.5
5149,0.5
5150,0.5
5151,0.5
5152,1.0
5153,0.25
5154,0.5
5155,0.5
5156,0.5
5157,1.0
5158,0.5
5159,0.5
5160,1.0
5161,1.0
5162,1.0
5163,0.5
5164,0.5
5165,0.25
5166,1.0
5167,0.25
5168,0.5
5169,0.25
5170,0.5
5171,0.5
5172,0.25
5173,0.06
5174,0.5
5175,0.5
5176,0.5
5177,0.06
5178,0.5
5179,1.0
5180,0.25
5181,0.5
5182,0.12
5183,0.5
5184,0.5
5185,0.5
5186,0.5
5187,0.125
5188,1.0
5189,0.25
5190,0.5
5191,0.5
5192,0.5
5193,0.25
5194,0.25
5195,0.5
5196,0.25
5197,1.0
5198,0.25
5199,0.25
5201,0.5
5202,0.12
5203,1.0
5204,0.5
5205,0.5
5206,1.0
5207,0.25
5208,1.0
5209,0.5
5210,1.0
5211,0.06
5212,0.5
5213,1.0
5214,0.5
5215,0.5
5216,0.25
5217,0.5
5218,1.0
5219,0.06
5220,0.25
5221,0.25
5222,0.25
5223,0.125
5224,0.125
5225,0.5
5226,0.5
5227,0.03
5228,0.5
5229,0.25
5230,0.5
5231,0.5
5232,0.25
5233,0.5
5234,0.5
5235,0.5
5236,0.25
5237,0.5
5238,0.5
5239,0.5
5240,0.25
5241,0.5
5242,1.0
5243,0.25
5244,0.5
5245,0.5
5247,0.5
5249,0.25
5250,0.5
5251,0.25
5252,0.5
5253,0.25
5254,10.0
5255,0.25
5256,0.25
5257,0.25
5258,0.5
5259,0.25
5260,0.25
5261,0.5
5262,0.5
5263,0.25
5264,0.5
5266,0.25
5267,1.0
5268,0.5
5269,0.5
5270,0.25
5271,0.5
5272,0.12
5273,0.25
5274,0.25
5275,2.0
5276,0.25
5277,0.25
5278,0.5
5279,0.25
5280,0.25
5281,0.5
5282,0.5
5283,1.0
5284,0.25
5285,0.5
5286,0.25
5287,0.25
5288,0.25
5289,0.5
5290,0.5
5291,0.12
5292,0.5
5293,0.5
5294,0.25
5295,0.25
5296,0.5
5297,1.0
5298,0.25
5299,0.5
5300,0.5
5301,0.25
5303,0.25
5304,0.5
5305,0.12
5306,0.5
5307,0.12
5308,0.5
5309,0.25
5310,1.0
5311,0.5
5312,0.5
5313,0.25
5314,0.25
5315,0.5
5316,0.25
5317,0.25
5318,0.25
5319,0.5
5320,0.5
5321,0.25
5322,0.5
5323,0.25
5324,0.5
5325,0.5
5326,0.5
5327,0.25
5328,0.25
5329,0.25
5330,0.25
5331,0.5
5332,0.06
5333,0.5
5334,0.5
5335,0.25
5336,0.25
5337,0.25
5338,1.0
5339,0.5
5340,0.25
5341,0.125
5342,0.25
5343,0.5
5344,0.5
5345,0.06
5347,0.5
5348,2.0
5349,0.25
5350,0.5
5351,0.06
5352,0.5
5353,0.5
5354,0.5
5355,0.5
5356,0.25
5357,0.5
5358,0.25
5359,0.25
5360,0.25
5361,0.25
5362,1.0
5363,0.5
5364,0.5
5365,0.25
5366,0.5
5367,0.25
5368,1.0
5369,0.5
5370,0.5
5371,0.5
5372,0.25
5373,0.12
5374,0.5
5375,0.25
5376,0.03
5377,0.5
5378,0.5
5379,0.5
5380,1.0
5382,0.5
5383,0.5
5384,0.5
5385,0.12
5386,0.06
5387,0.5
5388,0.5
5389,0.5
5390,0.5
5391,0.25
5392,0.12
5393,0.125
5394,0.25
5395,0.5
5396,0.125
5397,0.25
5399,0.125
5401,10.0
5402,0.25
5403,0.5
5404,0.25
5405,0.5
5406,0.06
5407,0.5
5408,0.5
5409,0.5
5410,0.5
5411,0.5
5412,0.25
5413,0.25
5414,0.12
5415,0.25
5417,0.25
5418,0.5
5419,0.125
5421,0.5
5422,0.5
5423,0.5
5424,0.06
5425,0.25
5426,0.25
5427,0.5
5428,0.5
5429,2.0
5430,0.5
5431,0.5
5432,0.06
5433,0.5
5436,0.06
5437,0.5
5438,0.25
5439,0.25
5441,0.5
5442,0.5
5443,0.25
5444,0.25
5445,0.5
5446,0.25
5447,0.25
5448,0.5
5449,0.25
5450,0.5
5451,0.5
5452,0.5
5453,0.12
5454,0.25
5455,0.5
5456,0.25
5457,1.0
5458,0.12
5459,0.25
5460,1.0
5461,0.12
5462,1.0
5463,0.25
5464,1.0
5466,0.5
5467,0.5
5468,0.125
5469,0.25
5470,0.5
5471,0.5
5472,0.25
5473,0.5
5474,1.0
5475,0.5
5476,0.25
5477,0.5
5478,0.5
5479,0.25
5480,1.0
5481,0.5
5482,0.06
5484,0.5
5485,0.5
5486,0.5
5487,0.5
5488,0.5
5489,0.25
5490,0.5
5491,0.25
5492,0.25
5493,0.5
5495,0.25
5496,0.5
5497,0.5
5498,1.0
5499,0.5
5500,0.5
5501,0.25
5502,1.0
5503,0.5
5504,0.06
5505,0.5
5506,0.5
5507,0.5
5508,0.25
5509,0.5
5510,0.125
5511,0.5
5512,0.5
5513,0.25
5514,0.25
5515,0.125
5516,0.5
5518,0.5
5519,0.5
5520,0.12
5521,0.5
5522,0.5
5523,1.0
5524,0.25
5525,0.5
5526,0.25
5527,0.5
5528,0.25
5529,0.5
5530,0.5
5531,0.12
5532,0.5
5533,0.25
5534,0.5
5535,0.5
5536,1.0
5537,0.25
5538,2.0
5539,0.25
5540,0.5
5541,0.5
5542,0.25
5543,0.25
5544,0.25
5546,0.5
5547,0.25
5548,0.5
5549,0.5
5550,1.0
5552,0.25
5553,0.5
5554,0.25
5555,0.5
5556,0.25
5557,0.25
5559,1.0
5560,0.25
5562,1.0
5563,0.5
5564,0.5
5565,0.12
5566,0.125
5567,1.0
5568,0.5
5569,0.25
5570,1.0
5571,0.25
5572,0.25
5573,1.0
5574,0.25
5575,0.5
5576,0.5
5577,0.25
5578,0.5
5579,0.5
5580,0.5
5581,0.12
5582,0.125
5583,0.5
5584,0.5
5585,0.25
5587,0.25
5588,0.5
5589,0.5
5590,0.5
5591,0.25
5592,0.25
5593,1.0
5594,0.5
5595,0.5
5596,0.5
5597,0.5
5598,0.5
5599,0.5
5600,0.25
5601,1.0
5602,0.5
5603,0.5
5604,0.25
5605,0.25
5606,0.25
5607,0.5
5608,0.25
5609,1.0
5610,2.0
5611,0.5
5612,0.5
5613,0.25
5614,0.25
5615,0.5
5616,0.25
5617,0.12
5618,0.25
5619,0.06
5620,0.06
5621,0.5
5622,0.5
5623,0.5
5624,1.0
5625,0.06
5626,0.25
5627,0.5
5628,0.5
5629,0.25
5630,1.0
5631,0.12
5632,0.25
5633,0.5
5634,0.25
5635,0.5
5637,0.25
5638,0.5
5639,0.5
5640,0.5
5641,1.0
5642,0.5
5643,0.5
5644,0.5
5645,0.5
5646,1.0
5647,0.5
5648,0.5
5649,0.06
5650,0.25
5651,0.25
5652,0.5
5653,0.125
5654,0.25
5655,0.5
5656,0.5
5657,0.5
5658,0.25
5659,0.12
5660,0.5
5661,0.25
5662,0.5
5663,0.5
5664,0.25
5665,1.0
5666,0.25
5667,0.5
5668,0.25
5669,0.25
5670,4.0
5671,0.5
5672,0.5
5673,0.25
5674,0.5
5675,0.5
5676,0.03
5677,0.5
5678,0.25
5679,0.5
5680,0.5
5681,0.125
5682,0.5
5683,0.5
5684,0.25
5685,0.5
5686,1.0
5687,0.25
5688,1.0
5689,0.25
5690,0.25
5691,0.5
5692,0.25
5693,0.06
5694,0.25
5695,0.5
5696,0.5
5697,0.5
5698,0.25
5699,0.5
5700,0.5
5701,0.5
5702,0.5
5703,0.5
5704,0.25
5705,0.25
5706,0.5
5707,0.5
5708,0.12
5709,0.25
5710,0.06
5711,0.25
5712,0.5
5713,0.5
5714,0.25
5715,0.25
5716,0.5
5717,0.5
5718,0.25
5719,0.5
5721,0.5
5722,0.5
5723,0.25
5724,0.5
5726,0.5
5727,0.5
5728,0.5
5729,0.5
5730,0.5
5731,0.5
5732,0.25
5733,1.0
5734,0.25
5735,0.25
5736,0.5
5737,0.12
5738,0.25
5739,0.25
5740,0.5
5741,0.5
5742,0.5
5743,0.25
5744,0.125
5745,0.125
5746,0.125
5748,0.25
5749,0.25
5750,0.5
5751,0.25
5752,0.12
5753,0.5
5754,1.0
5755,0.5
5756,0.25
5757,0.25
5758,0.5
5759,1.0
5760,0.25
5761,0.5
5762,0.125
5763,1.0
5764,0.5
5765,0.5
5766,0.12
5767,0.25
5768,0.5
5769,1.0
5770,0.12
5771,0.12
5773,0.5
5774,0.5
5775,0.5
5776,0.5
5777,0.25
5778,0.12
5779,0.25
5780,0.03
5781,0.5
5782,1.0
5783,0.25
5784,0.25
5786,0.5
5787,0.25
5788,0.5
5789,0.5
5790,0.25
5791,0.5
5792,0.5
5793,0.25
5794,0.25
5795,0.5
5796,0.25
5797,0.5
5798,0.5
5799,0.5
5800,1.0
5801,0.25
5802,1.0
5803,0.12
5804,0.25
5805,0.5
5806,0.25
5807,1.0
5808,0.5
5809,0.5
5810,0.25
5811,0.25
5812,0.5
5814,0.25
5815,0.5
5816,0.5
5817,1.0
5818,0.5
5820,0.25
5821,0.5
5822,1.0
5823,0.5
5824,0.06
5825,0.25
5827,0.12
5828,0.5
5829,0.12
5830,0.5
5831,1.0
5832,6.0
5833,0.12
5834,0.5
5835,0.5
5836,0.25
5837,0.25
5838,0.5
5839,0.12
5840,0.25
5841,8.0
5842,0.03
5843,0.5
5844,1.0
5845,0.5
5846,0.03
5847,0.5
5848,0.5
5849,0.25
5850,0.125
5851,0.25
5852,0.25
5853,0.25
5854,0.5
5857,0.12
5858,0.25
5859,0.25
5860,0.5
5861,0.5
5862,0.5
5864,0.25
5865,1.0
5866,0.5
5867,0.5
5868,0.25
5869,1.0
5870,0.5
5871,0.12
5872,1.0
5873,0.12
5874,0.5
5875,0.25
5876,0.5
5877,0.25
5878,1.0
5879,0.5
5880,0.5
5881,0.5
5882,0.25
5883,0.5
5884,0.25
5885,0.5
5886,0.5
5887,0.25
5888,0.5
5889,0.25
5890,2.0
5891,0.5
5892,0.5
5893,1.0
5894,0.5
5895,0.5
5896,0.5
5897,0.12
5898,0.25
5899,0.5
5900,0.5
5901,0.5
5902,0.5
5903,0.12
5904,0.5
5905,0.25
5906,0.06
5907,0.25
5908,0.5
5909,0.25
5910,0.5
5911,0.5
5912,0.5
5914,0.5
5915,0.5
5916,0.5
5917,1.0
5919,0.25
5920,0.5
5921,0.25
5922,0.5
5923,0.25
5924,0.5
5925,0.25
5926,0.5
5927,0.5
5928,0.5
5929,0.5
5930,0.5
5931,0.25
5932,0.25
5933,0.25
5934,0.25
5935,0.5
5936,0.25
5937,0.25
5938,0.5
5939,0.5
5940,0.12
5941,0.5
5942,0.25
5943,0.5
5944,0.25
5945,0.25
5946,0.25
5947,1.0
5948,0.25
5949,0.25
5950,0.25
5951,0.125
5952,0.25
5953,0.12
5954,0.25
5955,0.5
5956,0.5
5957,1.0
5959,0.25
5960,0.5
5961,0.5
5962,0.25
5963,0.12
5964,0.5
5965,0.5
5966,0.25
5967,0.5
5968,0.5
5969,0.5
5970,1.0
5971,2.0
5972,1.0
5973,1.0
5974,0.03
5975,0.25
5976,0.5
5977,0.5
5978,0.5
5979,0.5
5980,0.25
5981,0.5
5982,0.03
5984,1.0
5985,0.25
5986,0.5
5987,0.5
5988,0.5
5989,0.125
5990,0.5
5991,0.25
5992,0.5
5993,0.25
5994,0.5
5995,0.12
5996,0.25
5997,0.5
5999,0.5
6000,0.5
6001,0.5
6002,0.25
6003,0.5
6004,0.5
6005,0.25
6006,0.5
6007,0.12
6008,0.25
6009,0.5
6010,0.12
6011,0.25
6012,0.25
6013,0.5
6014,0.5
6015,0.06
6016,0.25
6017,0.5
6018,0.5
6019,0.25
6020,0.25
6022,0.12
6024,4.0
6027,0.5
6028,1.0
6029,0.25
6030,0.5
6031,0.5
6032,0.25
6033,0.5
6034,0.25
6035,0.5
6036,0.5
6037,1.0
6038,0.5
6039,0.5
6041,0.25
6042,0.25
6043,0.25
6045,0.5
6046,0.06
6047,0.25
6049,0.25
6050,0.25
6051,0.5
6052,1.0
6053,0.25
6054,0.5
6055,0.5
6056,0.5
6058,0.5
6059,0.25
6060,0.125
6061,0.25
6062,0.5
6063,0.5
6064,0.5
6065,0.5
6066,0.25
6067,0.25
6068,0.12
6069,2.0
6070,0.5
6072,0.5
6073,0.25
6074,0.25
6075,0.5
6076,0.5
6077,0.25
6078,1.0
6079,0.25
6080,0.25
6081,0.25
6082,0.25
6083,0.5
6085,0.06
6086,0.25
6087,0.12
6088,0.06
6089,0.5
6090,0.25
6091,0.25
6092,1.0
6093,0.5
6094,0.25
6095,0.25
6096,0.5
6097,0.25
6098,0.25
6099,0.25
6100,0.25
6101,0.5
6102,0.5
6103,0.125
6104,0.5
6105,0.25
6106,0.25
6107,0.25
6109,0.25
6110,1.0
6111,0.25
6112,0.06
6113,0.5
6114,0.5
6115,0.25
6116,0.25
6117,0.5
6118,0.5
6119,0.5
6120,1.0
6121,0.5
6123,0.5
6124,0.5
6125,0.5
6126,0.5
6127,0.5
6129,8.0
6131,0.25
6132,0.25
6133,0.06
6134,0.5
6135,0.06
6136,0.25
6137,0.5
6138,0.5
6139,0.5
6140,0.5
6141,0.12
6142,0.25
6143,0.5
6144,0.5
6145,1.0
6146,0.5
6147,0.25
6148,0.25
6149,0.25
6150,0.5
6151,0.25
6152,0.06
6153,0.12
6154,0.5
6155,0.5
6156,0.5
6157,0.25
6158,0.25
6159,0.5
6160,0.25
6161,0.5
6162,0.5
6163,0.5
6164,0.5
6165,0.5
6166,0.25
6167,0.25
6168,0.5
6169,0.25
6170,0.5
6171,0.5
6172,0.5
6173,0.25
6174,0.25
6175,0.25
6176,0.5
6177,0.25
6178,0.25
6179,0.25
6180,0.5
6181,0.5
6182,0.5
6183,0.12
6184,0.25
6185,0.5
6186,0.5
6187,0.125
6188,0.5
6189,0.5
6190,0.25
6191,0.5
6192,0.125
6194,0.25
6195,0.25
6196,0.5
6197,0.5
6198,0.25
6199,0.25
6200,0.5
6201,0.25
6202,0.25
6203,0.25
6204,0.5
6205,0.125
6206,0.5
6207,1.0
6209,0.5
6210,0.25
6211,0.25
6213,0.5
6214,0.5
6215,0.5
6216,0.5
6217,0.25
6218,0.06
6219,0.25
6221,0.5
6222,0.25
6223,0.12
6224,0.5
6225,0.5
6226,0.5
6227,0.5
6228,0.5
6229,0.25
6230,0.5
6231,0.25
6232,0.5
6233,0.25
6234,0.25
6235,0.25
6236,0.12
6237,0.25
6238,0.25
6239,0.25
6240,0.25
6241,0.5
6242,0.5
6243,0.25
6244,0.5
6245,0.25
6246,0.5
6247,0.25
6248,0.5
6249,0.5
6250,0.25
6251,0.5
6252,0.5
6253,0.12
6254,0.5
6255,0.5
6256,0.12
6257,0.5
6258,0.25
6259,0.25
6260,0.5
6261,0.5
6262,0.5
6263,0.25
6264,0.25
6265,0.5
6266,1.0
6267,0.5
6268,1.0
6269,0.5
6270,0.25
6271,0.12
6272,0.5
6273,0.5
6274,0.5
6275,1.0
6276,0.25
6277,0.25
6278,0.25
6279,0.25
6280,0.06
6281,0.5
6282,0.25
6283,0.25
6284,0.25
6285,0.5
6286,0.25
6287,0.06
6288,0.25
6289,0.25
6290,0.5
6291,0.5
6292,0.5
6293,0.06
6294,0.5
6295,0.25
6296,0.5
6297,1.0
6298,0.25
6299,0.25
6300,0.12
6301,0.5
6302,0.5
6303,0.5
6304,0.25
6305,0.25
6306,0.25
6307,1.0
6308,0.5
6310,0.5
6311,0.25
6312,0.5
6313,0.06
6314,0.5
6315,0.5
6316,0.06
6317,0.25
6318,0.5
6319,0.5
6320,0.25
6321,0.12
6322,0.06
6323,0.5
6324,0.25
6325,0.5
6326,0.5
6327,0.5
6328,0.06
6329,0.25
6330,0.5
6331,0.25
6332,0.25
6333,0.5
6334,0.25
6335,0.25
6336,0.125
6337,0.5
6338,0.25
6339,0.5
6340,0.25
6341,0.03
6342,0.5
6343,0.06
6344,0.25
6346,0.25
6347,0.25
6348,0.12
6349,0.5
6350,1.0
6351,0.25
6353,0.5
6354,0.5
6355,0.25
6356,0.5
6357,0.25
6358,1.0
6359,0.5
6360,1.0
6361,0.5
6362,0.25
6363,0.125
6364,0.25
6365,1.0
6367,0.25
6368,0.12
6369,0.5
6370,0.25
6371,1.0
6373,0.25
6374,4.0
6376,0.5
6377,1.0
6378,0.5
6379,0.25
6380,0.25
6381,1.0
6382,0.5
6383,0.5
6384,0.5
6385,0.25
6386,0.5
6387,0.25
6389,0.5
6390,0.25
6391,1.0
6392,0.5
6393,0.12
6394,0.5
6396,0.25
6397,0.125
6398,0.12
6399,0.25
6401,0.5
6402,0.12
6403,0.5
6405,0.5
6406,1.0
6407,0.5
6408,1.0
6409,0.25
6410,0.5
6411,0.5
6412,0.5
6413,0.25
6414,0.25
6415,0.5
6416,0.25
6417,1.0
6418,0.5
6419,0.25
6420,0.5
6421,0.25
6422,0.25
6423,1.0
6424,1.0
6425,0.5
6426,0.25
6427,0.5
6428,0.25
6429,0.12
6430,0.5
6431,0.5
6432,0.5
6433,0.125
6434,4.0
6435,0.25
6436,0.25
6437,0.5
6438,0.5
6439,0.25
6440,0.5
6441,0.5
6442,0.5
6444,0.5
6445,0.25
6446,1.0
6447,0.25
6448,0.5
6449,0.5
6450,0.12
6451,0.5
6452,0.5
6453,1.0
6454,0.25
6455,0.25
6456,0.5
6457,0.25
6458,0.25
6459,1.0
6460,0.5
6461,0.25
6462,0.5
6463,0.25
6464,0.5
6465,0.03
6467,1.0
6468,0.25
6469,0.25
6470,0.12
6471,0.25
6472,1.0
6473,0.5
6474,1.0
6475,0.5
6476,0.5
6477,0.25
6478,0.5
6479,0.125
6480,1.0
6481,0.25
6482,0.25
6483,0.25
6484,1.0
6485,0.5
6486,0.5
6487,0.125
6488,1.0
6489,0.25
6491,0.5
6492,1.0
6493,0.25
6494,0.5
6495,0.5
6496,0.5
6497,0.5
6498,0.5
6499,0.12
6500,0.03
6501,0.5
6502,0.5
6503,0.125
6504,0.5
6505,0.125
6506,0.5
6507,0.25
6508,0.25
6509,0.5
6510,0.5
6511,0.25
6512,0.5
6513,0.5
6514,0.12
6515,0.5
6516,0.5
6517,0.5
6518,0.5
6519,0.25
6520,0.25
6521,0.25
6522,0.25
6523,0.5
6524,0.5
6525,0.125
6526,0.5
6527,0.25
6528,0.25
6529,0.25
6530,0.25
6531,8.0
6532,0.5
6533,0.25
6534,0.5
6535,0.5
6536,0.5
6537,0.5
6538,0.5
6539,0.06
6540,0.12
6541,0.12
6542,0.5
6543,0.03
6544,0.06
6546,0.25
6547,0.5
6548,0.5
6549,0.125
6550,0.25
6551,0.5
6553,0.5
6554,0.5
6555,0.25
6556,0.25
6557,0.25
6558,0.5
6559,1.0
6560,0.25
6561,0.25
6562,0.5
6563,0.5
6564,0.25
6565,0.5
6566,0.5
6567,0.5
6568,0.5
6569,0.25
6570,0.25
6571,0.25
6572,0.25
6573,0.25
6574,0.5
6575,0.25
6576,0.5
6577,1.0
6578,0.25
6579,0.12
6580,0.25
6581,0.5
6582,0.25
6583,0.125
6584,0.5
6585,0.5
6586,0.25
6587,0.25
6588,0.25
6589,0.5
6590,0.5
6592,0.5
6593,0.5
6594,0.03
6595,0.25
6596,0.5
6597,0.5
6598,0.25
6599,1.0
6600,0.5
6601,0.5
6602,0.12
6603,0.5
6604,0.25
6605,0.5
6606,0.5
6607,2.0
6608,0.5
6609,0.12
6610,0.25
6611,0.25
6612,0.5
6614,0.5
6615,0.25
6616,0.25
6617,0.25
6618,0.12
6619,0.5
6620,0.25
6621,0.5
6622,0.25
6623,0.25
6624,0.25
6625,0.25
6626,0.25
6627,1.0
6628,0.5
6629,0.25
6631,0.25
6633,0.5
6634,0.06
6635,0.25
6636,0.5
6637,0.5
6638,0.12
6639,0.25
6640,0.5
6641,0.25
6642,1.0
6643,0.25
6644,0.5
6645,0.5
6646,0.12
6647,0.5
6648,0.5
6649,0.5
6650,0.5
6651,0.25
6652,0.5
6653,0.25
6654,0.25
6655,1.0
6657,1.0
6659,0.03
6660,0.5
6662,0.5
6663,0.5
6665,0.25
6666,0.125
6667,2.0
6668,0.25
6669,0.06
6670,1.0
6671,0.12
6672,0.5
6673,0.25
6674,0.06
6675,0.06
6676,0.5
6677,0.5
6678,0.5
6679,0.06
6680,0.25
6681,0.5
6682,0.5
6684,0.5
6685,0.5
6686,0.5
6687,0.06
6688,0.25
6689,0.25
6690,0.5
6691,0.5
6693,0.5
6694,0.25
6695,0.25
6696,0.25
6697,0.25
6698,1.0
6699,0.5
6700,0.25
6702,0.5
6703,0.12
6704,0.125
6705,0.25
6706,0.5
6707,0.5
6708,0.25
6709,0.12
6710,0.25
6711,0.06
6712,0.25
6713,0.12
6714,0.5
6715,0.25
6716,0.25
6717,0.25
6718,4.0
6719,0.25
6720,0.25
6721,0.25
6722,0.12
6723,0.5
6724,0.5
6725,10.0
6726,0.5
6727,0.12
6728,0.25
6730,0.5
6731,0.25
6732,0.25
6733,0.5
6734,0.5
6735,0.5
6736,1.0
6737,0.5
6738,0.25
6739,0.5
6740,0.5
6741,0.5
6742,0.5
6743,1.0
6745,0.25
6746,0.25
6747,0.25
6748,0.5
6750,0.25
6751,0.5
6752,0.5
6753,0.12
6754,0.5
6756,0.25
6757,0.06
6758,0.5
6759,0.5
6760,1.0
6761,0.25
6762,0.5
6763,0.25
6764,0.25
6765,1.0
6766,0.5
6767,0.5
6768,1.0
6769,0.25
6770,0.25
6771,0.125
6772,0.25
6773,0.25
6774,0.5
6775,0.5
6776,0.12
6777,0.5
6778,1.0
6779,0.5
6780,0.25
6781,0.25
6783,0.5
6784,0.12
6785,0.5
6786,0.25
6787,0.5
6788,0.25
6789,0.5
6790,0.12
6791,0.5
6792,0.25
6793,1.0
6794,0.5
6795,0.5
6796,0.125
6797,0.5
6798,0.25
6799,0.25
6800,0.25
6801,0.25
6802,0.12
6803,0.5
6804,0.25
6805,0.5
6806,0.25
6807,0.12
6808,0.25
6809,0.5
6810,1.0
6811,0.5
6812,0.5
6813,0.25
6814,0.06
6815,0.5
6816,0.5
6817,0.25
6818,0.5
6819,2.0
6820,0.25
6821,0.25
6822,0.12
6823,0.5
6824,0.5
6827,0.25
6828,0.25
6829,0.5
6830,0.25
6831,0.5
6833,0.5
6835,0.03
6836,0.5
6837,1.0
6838,0.12
6839,0.25
6840,0.25
6841,0.25
6842,0.5
6843,0.25
6844,0.5
6845,0.125
6846,0.12
6847,0.5
6848,0.5
6849,0.5
6850,0.25
6851,0.25
6852,0.5
6853,6.0
6854,0.5
6855,0.25
6856,0.25
6857,0.5
6858,0.12
6859,0.5
6860,2.0
6861,0.5
6862,0.5
6863,0.5
6864,0.12
6865,0.25
6866,0.25
6867,0.25
6868,0.25
6869,0.06
6870,0.25
6871,0.06
6872,0.25
6873,1.0
6874,0.25
6875,0.5
6876,0.5
6877,0.5
6878,0.12
6879,0.5
6881,0.5
6882,0.5
6883,0.12
6884,0.25
6885,0.5
6886,0.25
6887,0.25
6888,1.0
6889,0.25
6890,0.5
6892,0.5
6893,0.5
6894,1.0
6895,0.12
6896,0.5
6897,0.5
6898,0.5
6899,1.0
6900,0.5
6901,0.25
6905,0.25
6906,0.5
6907,0.06
6908,0.25
6909,0.25
6910,0.5
6911,0.5
6912,0.5
6913,0.25
6914,1.0
6915,0.5
6916,0.5
6917,0.5
6918,0.25
6919,0.25
6920,0.12
6921,0.5
6922,0.5
6923,0.25
6924,2.0
6925,0.5
6926,0.125
6927,0.25
6929,0.5
6930,0.12
6931,0.5
6932,0.5
6933,0.5
6934,1.0
6935,1.0
6936,0.5
6937,0.5
6938,0.125
6939,0.5
6940,0.5
6941,0.25
6942,0.25
6943,6.0
6944,0.5
6945,0.5
6946,0.25
6947,0.5
6948,0.5
6949,0.25
6950,0.25
6951,0.5
6952,0.5
6953,0.25
6954,0.25
6955,0.25
6956,0.25
6957,0.25
6958,0.5
6959,0.25
6960,1.0
6961,0.5
6962,0.5
6963,1.0
6964,0.25
6965,0.25
6966,1.0
6967,0.25
6968,0.5
6969,0.25
6970,3.0
6971,0.06
6972,0.25
6973,0.25
6975,0.06
6976,0.5
6977,0.25
6978,0.5
6979,1.0
6980,0.25
6981,1.0
6982,0.5
6983,0.5
6984,1.0
6985,0.5
6986,0.25
6987,0.5
6988,0.25
6989,0.25
6990,0.25
6991,0.5
6992,0.5
6993,0.25
6994,0.5
6995,0.25
6996,0.25
6997,0.12
6998,0.5
6999,0.5
7000,0.5
7001,0.25
7002,0.25
7003,0.5
7004,0.25
7005,1.0
7006,0.06
7007,0.25
7008,0.12
7009,0.5
7012,0.5
7013,0.25
7014,0.5
7015,1.0
7016,0.5
7017,0.25
7018,0.25
7019,0.03
7020,0.5
7021,0.5
7022,0.25
7023,0.5
7024,0.5
7025,0.5
7026,0.25
7027,0.25
7028,0.25
7029,0.5
7030,0.25
7031,0.12
7032,0.5
7033,0.5
7034,0.25
7035,0.25
7036,0.5
7037,0.25
7038,0.5
7039,0.25
7040,0.5
7041,0.25
7042,0.5
7043,0.5
7044,0.5
7046,4.0
7047,4.0
7048,0.25
7049,0.25
7050,0.25
7051,0.25
7052,0.5
7053,0.5
7056,0.06
7057,0.5
7058,1.0
7059,0.5
7060,1.0
7061,0.5
7062,1.0
7063,1.0
7064,0.5
7066,0.5
7068,0.25
7069,0.5
7070,0.5
7071,0.5
7072,0.5
7073,0.25
7074,0.5
7075,0.5
7076,0.5
7077,0.5
7078,0.5
7079,0.5
7080,0.12
7081,0.5
7082,0.5
7083,0.25
7084,0.5
7085,0.25
7086,0.5
7087,0.25
7088,0.5
7090,0.25
7091,0.12
7092,0.5
7093,0.25
7094,0.25
7095,0.5
7096,0.06
7097,0.5
7098,0.5
7099,0.03
7100,0.5
7101,0.5
7102,0.5
7103,0.5
7104,0.5
7105,0.06
7106,0.5
7107,0.12
7108,0.25
7109,0.5
7110,0.25
7111,0.5
7113,0.25
7114,1.0
7115,0.25
7116,0.12
7117,0.5
7118,1.0
7119,0.25
7120,0.5
7121,0.25
7122,0.12
7123,0.5
7124,0.5
7125,0.25
7126,0.5
7127,0.5
7128,0.25
7129,0.5
7130,1.0
7131,0.12
7132,0.5
7133,0.5
7134,1.0
7135,0.5
7136,0.06
7137,0.5
7138,0.5
7139,0.5
7140,0.5
7141,0.25
7142,0.5
7143,0.12
7144,0.5
7145,0.12
7146,0.5
7147,0.5
7148,0.25
7149,1.0
7150,1.0
7151,0.25
7152,0.25
7153,0.5
7154,0.25
7155,0.5
7156,0.25
7157,0.25
7158,0.5
7159,0.5
7160,0.5
7161,0.5
7162,0.25
7164,0.5
7165,0.25
7166,1.0
7167,0.06
7168,0.5
7169,0.5
7171,0.5
7172,0.5
7173,0.25
7175,0.25
7176,0.25
7177,0.5
7178,0.5
7179,0.25
7181,0.5
7182,0.5
7183,0.25
7184,0.25
7185,0.25
7186,0.5
7187,0.5
7188,0.5
7189,0.25
7190,0.5
7191,0.25
7192,0.5
7193,0.5
7194,0.03
7195,0.12
7196,0.5
7197,1.0
7198,1.0
7199,2.0
7200,0.5
7201,0.5
7202,0.25
7203,0.25
7204,0.5
7205,1.0
7206,0.5
7207,1.0
7208,0.5
7209,0.25
7210,2.0
7211,0.5
7212,0.5
7213,0.5
7214,0.5
7215,0.25
7216,0.25
7217,0.25
7219,0.12
7220,0.5
7221,0.5
7222,0.5
7223,0.25
7224,0.25
7225,0.5
7227,0.5
7228,0.5
7229,0.12
7231,0.5
7232,1.0
7234,1.0
7236,0.5
7237,0.5
7238,0.25
7239,0.5
7240,0.25
7242,0.25
7243,0.25
7244,0.5
7245,1.0
7246,0.25
7247,0.25
7249,0.12
7250,0.25
7251,0.125
7252,0.25
7253,0.5
7254,0.25
7255,0.25
7256,4.0
7257,1.0
7258,0.25
7259,0.5
7260,0.5
7261,0.25
7262,0.5
7263,0.25
7264,8.0
7265,1.0
7266,0.5
7267,0.5
7268,0.06
7269,0.03
7270,0.5
7271,0.5
7272,0.5
7273,0.5
7274,1.0
7275,0.5
7276,0.12
7277,0.25
7278,0.06
7279,0.5
7280,0.25
7281,0.25
7282,0.25
7284,0.25
7285,0.25
7286,0.12
7287,0.5
7288,0.5
7289,4.0
7290,1.0
7291,0.25
7292,0.5
7293,0.25
7294,0.25
7295,0.06
7296,0.25
7297,0.5
7298,0.5
7299,1.0
7300,0.5
7301,0.5
7302,0.25
7303,0.25
7304,0.12
7305,0.5
7306,0.5
7307,1.0
7308,0.25
7309,0.5
7310,0.5
7311,0.12
7312,0.5
7313,0.5
7314,1.0
7315,0.5
7316,2.0
7317,0.5
7318,0.25
7320,0.5
7321,0.5
7322,0.25
7323,0.25
7324,0.5
7325,0.5
7326,0.25
7327,0.25
7328,0.5
7330,0.25
7331,0.5
7332,0.5
7333,0.5
7334,0.5
7335,0.5
7336,0.5
7337,0.12
7338,0.5
7339,0.25
7340,0.5
7343,0.5
7344,0.12
7345,0.25
7346,0.5
7347,0.25
7348,0.5
7349,0.5
7350,0.25
7351,0.5
7352,0.25
7353,0.25
7354,0.25
7355,0.12
7356,0.5
7357,0.25
7358,0.25
7359,0.25
7360,0.25
7361,0.25
7362,0.5
7363,0.25
7364,0.25
7365,0.5
7366,0.06
7367,0.5
7368,0.5
7369,0.125
7370,0.25
7372,0.25
7373,0.5
7374,0.5
7375,0.5
7376,0.12
7377,0.25
7378,0.25
7379,0.25
7380,0.25
7381,0.25
7382,0.5
7383,0.12
7384,1.0
7385,0.06
7386,0.25
7387,0.5
7388,1.0
7389,0.5
7390,0.06
7391,0.25
7392,0.25
7393,0.5
7394,0.25
7395,0.25
7396,0.125
7398,1.0
7399,0.25
7400,1.0
7401,0.25
7402,1.0
7403,0.5
7404,0.06
7405,0.5
7407,0.5
7408,1.0
7409,0.5
7410,0.5
7411,0.12
7412,0.5
7413,0.25
7414,0.25
7415,0.25
7416,0.5
7417,0.5
7418,0.25
7419,0.25
7420,0.25
7421,0.5
7422,0.25
7423,0.5
7424,0.12
7425,1.0
7426,0.5
7427,0.25
7428,4.0
7429,0.5
7430,0.25
7431,0.5
7432,0.5
7433,0.25
7434,0.5
7435,0.25
